log_datetime,log_date,log_time,temperature,feels_like,humidity,weather_code,precipitation,cloud_cover,wind_speed,wind_direction
2025-07-16T08:30,2025/07/16,08:30,16.8,16.1,77,Partly cloudy,0.0,54,10.2,18
2025-07-16T09:45,2025/07/16,09:45,17.6,16.6,74,Partly cloudy,0.0,75,13.0,19
2025-07-16T10:30,2025/07/16,10:30,18.4,18.0,72,Partly cloudy,0.0,59,12.8,22
2025-07-16T11:45,2025/07/16,11:45,19.8,20.2,64,Partly cloudy,0.0,55,10.5,22
2025-07-16T12:30,2025/07/16,12:30,20.4,21.2,62,Partly cloudy,0.0,48,8.9,27
2025-07-16T13:45,2025/07/16,13:45,21.4,22.3,59,Partly cloudy,0.0,71,6.9,39
2025-07-16T14:00,2025/07/16,14:00,21.5,22.2,58,Overcast,0.0,88,6.6,41
2025-07-16T14:45,2025/07/16,14:45,21.8,23.0,59,Partly cloudy,0.0,70,1.0,225
2025-07-16T15:30,2025/07/16,15:30,21.5,21.5,62,Overcast,0.0,87,8.2,229
2025-07-16T16:30,2025/07/16,16:30,21.1,20.8,67,Overcast,0.0,75,13.6,238
2025-07-16T17:45,2025/07/16,17:45,21.2,21.2,66,Partly cloudy,0.0,39,10.7,237
2025-07-16T18:30,2025/07/16,18:30,20.9,21.0,67,Mainly clear,0.0,23,9.3,234
2025-07-16T19:45,2025/07/16,19:45,19.8,20.2,74,Partly cloudy,0.0,48,8.7,197
2025-07-16T20:30,2025/07/16,20:30,18.7,19.2,79,Overcast,0.0,94,7.9,196
2025-07-16T21:30,2025/07/16,21:30,17.1,18.0,87,Overcast,0.0,99,5.1,176
2025-07-16T22:30,2025/07/16,22:30,15.9,17.1,91,Overcast,0.0,90,2.5,98
2025-07-16T23:30,2025/07/16,23:30,14.7,15.3,93,Mainly clear,0.0,12,3.9,56
2025-07-17T00:30,2025/07/17,00:30,13.8,14.1,95,Mainly clear,0.0,9,4.1,52
2025-07-17T01:45,2025/07/17,01:45,13.1,13.1,96,Overcast,0.0,86,4.6,51
2025-07-17T03:30,2025/07/17,03:30,12.1,11.7,95,Overcast,0.0,100,5.9,52
2025-07-17T05:00,2025/07/17,05:00,12.8,12.5,93,Partly cloudy,0.0,85,6.0,57
2025-07-17T05:45,2025/07/17,05:45,12.6,12.3,94,Partly cloudy,0.0,78,5.5,58
2025-07-17T06:45,2025/07/17,06:45,14.2,14.5,92,Partly cloudy,0.0,53,4.9,54
2025-07-17T07:45,2025/07/17,07:45,16.6,17.4,85,Overcast,0.0,97,3.7,61
2025-07-17T08:30,2025/07/17,08:30,18.0,19.1,80,Overcast,0.0,85,2.5,98
2025-07-17T09:45,2025/07/17,09:45,19.8,20.4,75,Partly cloudy,0.0,71,8.0,144
2025-07-17T10:30,2025/07/17,10:30,20.0,20.0,74,Overcast,0.0,100,11.8,149
2025-07-17T11:45,2025/07/17,11:45,19.6,19.1,74,Overcast,0.0,100,14.2,150
2025-07-17T12:30,2025/07/17,12:30,19.1,18.6,76,Overcast,0.0,99,14.0,151
2025-07-17T14:00,2025/07/17,14:00,18.5,18.0,80,Overcast,0.0,100,14.5,157
2025-07-17T14:45,2025/07/17,14:45,18.8,19.3,81,Overcast,0.0,100,9.0,143
2025-07-17T15:30,2025/07/17,15:30,19.5,20.1,80,Overcast,0.0,100,9.4,178
2025-07-17T16:30,2025/07/17,16:30,19.9,20.0,81,Overcast,0.0,100,14.8,206
2025-07-17T17:45,2025/07/17,17:45,19.9,20.0,82,Overcast,0.0,98,14.9,217
2025-07-17T18:30,2025/07/17,18:30,19.3,19.6,85,Overcast,0.0,100,14.4,217
2025-07-17T19:45,2025/07/17,19:45,18.7,19.4,89,Overcast,0.0,100,11.8,218
2025-07-17T20:30,2025/07/17,20:30,19.0,20.5,88,Overcast,0.0,100,6.3,211
2025-07-17T21:30,2025/07/17,21:30,18.3,20.2,92,Overcast,0.0,100,4.0,170
2025-07-17T22:30,2025/07/17,22:30,17.7,19.4,93,Overcast,0.0,100,3.9,146
2025-07-17T23:30,2025/07/17,23:30,17.1,18.7,93,Overcast,0.0,100,2.9,97
2025-07-18T00:30,2025/07/18,00:30,16.6,18.1,94,Overcast,0.0,100,3.3,77
2025-07-18T03:30,2025/07/18,03:30,15.3,16.3,95,Overcast,0.0,77,3.3,84
2025-07-18T05:00,2025/07/18,05:00,15.4,16.3,91,Overcast,0.0,93,2.9,97
2025-07-18T05:45,2025/07/18,05:45,16.1,17.1,89,Overcast,0.0,96,2.6,124
2025-07-18T06:45,2025/07/18,06:45,16.6,17.9,89,Partly cloudy,0.0,65,2.2,171
2025-07-18T07:45,2025/07/18,07:45,17.5,18.7,86,Overcast,0.0,84,4.3,175
2025-07-18T08:30,2025/07/18,08:30,17.8,18.4,85,Overcast,0.0,86,8.1,193
2025-07-18T09:45,2025/07/18,09:45,18.0,17.8,84,Overcast,0.0,100,13.6,197
2025-07-18T10:30,2025/07/18,10:30,17.8,17.8,87,Overcast,0.0,100,12.8,202
2025-07-18T11:45,2025/07/18,11:45,17.5,17.4,87,Overcast,0.0,100,12.7,227
2025-07-18T12:30,2025/07/18,12:30,17.6,17.3,83,Slight rain showers,0.0,100,13.3,232
2025-07-18T14:00,2025/07/18,14:00,19.4,18.7,73,Overcast,0.0,91,14.0,224
2025-07-18T14:45,2025/07/18,14:45,19.4,19.0,72,Overcast,0.0,91,13.0,222
2025-07-18T15:30,2025/07/18,15:30,19.8,19.6,70,Overcast,0.0,86,12.5,221
2025-07-18T16:30,2025/07/18,16:30,20.0,19.7,69,Partly cloudy,0.0,62,12.0,226
2025-07-18T17:45,2025/07/18,17:45,19.9,19.8,70,Partly cloudy,0.0,48,9.9,226
2025-07-18T18:30,2025/07/18,18:30,19.7,19.8,70,Partly cloudy,0.0,47,8.7,232
2025-07-18T19:45,2025/07/18,19:45,19.0,19.1,72,Mainly clear,0.0,29,7.2,217
2025-07-18T20:30,2025/07/18,20:30,18.1,18.4,75,Partly cloudy,0.0,63,5.7,215
2025-07-18T21:30,2025/07/18,21:30,16.9,17.8,81,Overcast,0.0,99,2.2,180
2025-07-18T22:30,2025/07/18,22:30,15.8,16.5,85,Mainly clear,0.0,26,1.6,63
2025-07-18T23:30,2025/07/18,23:30,15.1,15.5,87,Overcast,0.0,100,3.5,24
2025-07-19T00:30,2025/07/19,00:30,13.9,14.0,92,Overcast,0.0,100,4.7,32
2025-07-19T03:15,2025/07/19,03:15,13.4,13.0,88,Overcast,0.0,100,5.2,34
2025-07-19T04:30,2025/07/19,04:30,13.7,13.4,85,Overcast,0.0,100,4.8,42
2025-07-19T05:45,2025/07/19,05:45,14.1,14.0,86,Overcast,0.0,94,5.1,39
2025-07-19T06:30,2025/07/19,06:30,14.9,14.9,85,Overcast,0.0,100,4.7,32
2025-07-19T07:45,2025/07/19,07:45,16.6,17.2,82,Overcast,0.0,100,3.9,34
2025-07-19T08:30,2025/07/19,08:30,18.1,18.9,78,Overcast,0.0,97,3.6,37
2025-07-19T09:30,2025/07/19,09:30,19.2,20.8,78,Overcast,0.0,86,1.4,360
2025-07-19T10:30,2025/07/19,10:30,20.3,22.1,77,Slight rain showers,0.0,62,2.4,243
2025-07-19T11:30,2025/07/19,11:30,19.8,21.7,84,Overcast,0.0,100,3.8,221
2025-07-19T12:30,2025/07/19,12:30,19.6,21.7,87,Overcast,0.0,100,4.1,225
2025-07-19T14:00,2025/07/19,14:00,19.4,21.6,90,Slight rain,0.2,100,4.3,228
2025-07-19T14:30,2025/07/19,14:30,18.8,21.2,93,Slight rain,0.2,100,1.9,292
2025-07-19T15:30,2025/07/19,15:30,18.4,20.5,94,Slight rain,0.3,100,3.5,294
2025-07-19T16:30,2025/07/19,16:30,18.0,20.1,95,Slight rain,0.3,100,3.4,302
2025-07-19T17:45,2025/07/19,17:45,18.0,19.6,91,Slight rain showers,0.0,100,4.6,198
2025-07-19T18:30,2025/07/19,18:30,18.0,19.7,90,Overcast,0.0,100,3.2,207
2025-07-19T19:45,2025/07/19,19:45,18.0,19.5,89,Overcast,0.0,93,3.6,37
2025-07-19T20:30,2025/07/19,20:30,17.7,18.8,89,Overcast,0.0,87,6.1,50
2025-07-19T21:30,2025/07/19,21:30,17.0,18.2,92,Overcast,0.0,100,4.4,35
2025-07-19T22:30,2025/07/19,22:30,16.1,17.3,94,Overcast,0.0,100,3.9,34
2025-07-19T23:30,2025/07/19,23:30,16.1,17.3,96,Slight rain,0.0,100,5.2,56
2025-07-20T00:30,2025/07/20,00:30,16.0,17.1,95,Slight rain,0.0,100,4.8,63
2025-07-20T03:30,2025/07/20,03:30,15.9,16.9,95,Overcast,0.0,100,4.6,51
2025-07-20T05:15,2025/07/20,05:15,15.8,16.7,94,Overcast,0.0,100,4.6,51
2025-07-20T05:45,2025/07/20,05:45,15.7,16.7,94,Overcast,0.0,100,4.1,52
2025-07-20T06:45,2025/07/20,06:45,16.4,17.5,92,Overcast,0.0,83,3.8,41
2025-07-20T07:45,2025/07/20,07:45,17.7,18.8,87,Overcast,0.0,98,5.1,51
2025-07-20T08:30,2025/07/20,08:30,18.6,19.8,84,Overcast,0.0,95,5.7,72
2025-07-20T09:30,2025/07/20,09:30,19.7,20.4,79,Overcast,0.0,90,9.3,103
2025-07-20T10:30,2025/07/20,10:30,20.6,20.6,72,Overcast,0.0,92,13.5,115
2025-07-20T11:30,2025/07/20,11:30,21.0,21.1,69,Partly cloudy,0.0,41,14.7,121
2025-07-20T12:30,2025/07/20,12:30,20.8,20.0,69,Overcast,0.0,95,16.5,136
2025-07-20T14:00,2025/07/20,14:00,18.3,19.4,87,Slight rain,0.3,100,7.1,150
2025-07-20T14:45,2025/07/20,14:45,18.5,19.7,85,Overcast,0.0,100,5.1,98
2025-07-20T15:30,2025/07/20,15:30,18.6,19.8,85,Slight rain,0.2,100,6.5,90
2025-07-20T16:30,2025/07/20,16:30,18.8,19.7,84,Slight rain,0.2,100,8.1,111
2025-07-20T17:30,2025/07/20,17:30,18.4,20.1,88,Moderate rain,1.3,100,3.3,131
2025-07-20T18:30,2025/07/20,18:30,17.9,20.0,90,Moderate rain,0.6,100,0.4,180
2025-07-20T19:45,2025/07/20,19:45,17.7,19.3,91,Slight rain,0.2,100,3.8,41
2025-07-20T20:30,2025/07/20,20:30,17.4,19.0,92,Slight rain,0.1,100,3.2,27
2025-07-20T21:30,2025/07/20,21:30,17.0,18.3,94,Slight rain,0.0,100,4.5,29
2025-07-20T22:30,2025/07/20,22:30,16.4,17.6,94,Overcast,0.0,92,4.6,51
2025-07-20T23:30,2025/07/20,23:30,15.6,16.6,96,Slight rain showers,0.0,65,4.5,61
2025-07-21T00:30,2025/07/21,00:30,15.1,15.9,96,Fog,0.0,79,4.8,63
2025-07-21T03:30,2025/07/21,03:30,15.1,16.0,94,Overcast,0.0,92,3.0,76
2025-07-21T05:00,2025/07/21,05:00,14.8,15.6,94,Partly cloudy,0.0,65,2.5,98
2025-07-21T05:45,2025/07/21,05:45,14.9,15.9,95,Partly cloudy,0.0,69,2.3,141
2025-07-21T06:45,2025/07/21,06:45,15.5,16.7,94,Partly cloudy,0.0,68,1.9,112
2025-07-21T07:45,2025/07/21,07:45,16.4,17.5,91,Partly cloudy,0.0,69,3.5,156
2025-07-21T08:45,2025/07/21,08:45,16.5,16.6,88,Partly cloudy,0.0,57,9.8,174
2025-07-21T09:45,2025/07/21,09:45,16.5,16.1,89,Partly cloudy,0.0,63,13.1,188
2025-07-21T10:45,2025/07/21,10:45,16.8,16.4,87,Overcast,0.0,83,12.6,200
2025-07-21T11:45,2025/07/21,11:45,17.0,17.0,87,Overcast,0.0,89,11.1,209
2025-07-21T12:30,2025/07/21,12:30,17.4,17.4,85,Overcast,0.0,92,10.9,214
2025-07-21T14:00,2025/07/21,14:00,18.0,17.9,84,Partly cloudy,0.0,80,12.3,220
2025-07-21T14:45,2025/07/21,14:45,18.8,18.9,79,Partly cloudy,0.0,74,11.0,218
2025-07-21T15:45,2025/07/21,15:45,19.5,19.5,74,Partly cloudy,0.0,60,11.7,227
2025-07-21T16:30,2025/07/21,16:30,19.6,19.5,73,Partly cloudy,0.0,50,11.8,232
2025-07-21T17:45,2025/07/21,17:45,19.6,19.8,72,Overcast,0.0,100,8.7,253
2025-07-21T18:30,2025/07/21,18:30,19.5,19.8,72,Overcast,0.0,100,7.8,248
2025-07-21T19:45,2025/07/21,19:45,18.9,19.3,77,Overcast,0.0,100,7.7,229
2025-07-21T20:30,2025/07/21,20:30,17.8,18.0,76,Overcast,0.0,100,6.0,197
2025-07-21T21:30,2025/07/21,21:30,16.6,16.9,81,Overcast,0.0,100,5.2,155
2025-07-21T22:30,2025/07/21,22:30,15.7,16.0,85,Overcast,0.0,100,4.6,141
2025-07-21T23:30,2025/07/21,23:30,15.7,16.3,90,Overcast,0.0,100,4.8,132
2025-07-22T00:30,2025/07/22,00:30,15.5,16.3,92,Overcast,0.0,100,4.2,121
2025-07-22T03:30,2025/07/22,03:30,15.1,15.8,89,Overcast,0.0,100,2.9,150
2025-07-22T05:00,2025/07/22,05:00,15.2,16.0,89,Overcast,0.0,100,2.7,157
2025-07-22T05:45,2025/07/22,05:45,15.2,16.3,95,Overcast,0.0,100,2.9,187
2025-07-22T06:45,2025/07/22,06:45,15.8,17.2,92,Overcast,0.0,100,0.7,180
2025-07-22T07:45,2025/07/22,07:45,16.6,18.0,89,Overcast,0.0,96,1.5,166
2025-07-22T08:30,2025/07/22,08:30,17.3,18.5,84,Overcast,0.0,100,2.4,243
2025-07-22T09:45,2025/07/22,09:45,18.9,19.0,73,Overcast,0.0,83,8.3,275
2025-07-22T10:30,2025/07/22,10:30,19.5,19.2,70,Overcast,0.0,77,10.5,278
2025-07-22T11:45,2025/07/22,11:45,19.1,18.3,72,Overcast,0.0,81,15.1,273
2025-07-22T12:30,2025/07/22,12:30,19.1,18.1,72,Overcast,0.0,88,15.9,267
2025-07-22T14:00,2025/07/22,14:00,19.6,18.9,70,Overcast,0.0,81,17.0,266
2025-07-22T14:45,2025/07/22,14:45,19.9,19.2,70,Overcast,0.0,69,16.9,272
2025-07-22T15:30,2025/07/22,15:30,19.9,19.2,70,Partly cloudy,0.0,44,17.0,274
2025-07-22T16:30,2025/07/22,16:30,19.8,18.8,69,Partly cloudy,0.0,47,15.9,276
2025-07-22T17:45,2025/07/22,17:45,19.0,17.6,69,Partly cloudy,0.0,51,17.0,274
2025-07-22T18:30,2025/07/22,18:30,18.6,17.4,71,Partly cloudy,0.0,40,15.5,275
2025-07-22T19:45,2025/07/22,19:45,17.9,17.3,74,Partly cloudy,0.0,37,11.2,270
2025-07-22T20:30,2025/07/22,20:30,17.2,16.8,75,Overcast,0.0,100,8.4,263
2025-07-22T21:30,2025/07/22,21:30,16.1,16.1,79,Overcast,0.0,100,5.1,225
2025-07-22T22:30,2025/07/22,22:30,15.0,15.2,84,Overcast,0.0,99,3.4,198
2025-07-22T23:30,2025/07/22,23:30,14.3,14.7,86,Overcast,0.0,100,1.8,217
2025-07-23T00:30,2025/07/23,00:30,14.1,14.5,86,Overcast,0.0,81,1.0,225
2025-07-23T03:30,2025/07/23,03:30,11.9,11.6,91,Overcast,0.0,95,3.5,24
2025-07-23T05:00,2025/07/23,05:00,11.5,11.1,93,Partly cloudy,0.0,75,3.8,49
2025-07-23T05:45,2025/07/23,05:45,11.3,10.8,94,Partly cloudy,0.0,73,4.6,45
2025-07-23T06:45,2025/07/23,06:45,12.1,11.8,92,Partly cloudy,0.0,54,4.1,45
2025-07-23T07:45,2025/07/23,07:45,14.1,14.2,85,Mainly clear,0.0,34,2.3,39
2025-07-23T08:30,2025/07/23,08:30,15.4,15.7,80,Mainly clear,0.0,37,2.9,330
2025-07-23T09:45,2025/07/23,09:45,17.3,16.9,70,Partly cloudy,0.0,52,6.5,326
2025-07-23T10:45,2025/07/23,10:45,18.5,18.0,65,Partly cloudy,0.0,70,6.9,321
2025-07-23T11:45,2025/07/23,11:45,18.5,18.5,67,Overcast,0.0,83,5.0,339
2025-07-23T12:30,2025/07/23,12:30,19.1,19.1,65,Overcast,0.0,94,5.1,8
2025-07-23T14:00,2025/07/23,14:00,20.0,20.3,64,Overcast,0.0,100,4.2,31
2025-07-23T14:45,2025/07/23,14:45,19.8,19.3,66,Overcast,0.0,100,10.1,35
2025-07-23T15:45,2025/07/23,15:45,19.7,19.5,68,Overcast,0.0,100,9.2,42
2025-07-23T16:30,2025/07/23,16:30,19.8,19.8,68,Overcast,0.0,100,7.9,43
2025-07-23T17:45,2025/07/23,17:45,20.0,19.9,64,Overcast,0.0,92,6.5,360
2025-07-23T18:30,2025/07/23,18:30,19.8,19.8,66,Overcast,0.0,100,6.8,18
2025-07-23T19:45,2025/07/23,19:45,19.0,19.5,73,Overcast,0.0,100,6.4,52
2025-07-23T20:30,2025/07/23,20:30,18.1,19.0,81,Overcast,0.0,100,4.4,55
2025-07-23T21:30,2025/07/23,21:30,17.2,18.0,83,Overcast,0.0,83,4.0,63
2025-07-23T22:30,2025/07/23,22:30,16.2,17.0,86,Partly cloudy,0.0,74,3.3,49
2025-07-23T23:30,2025/07/23,23:30,15.4,16.2,91,Overcast,0.0,78,3.1,36
2025-07-24T00:30,2025/07/24,00:30,14.9,15.6,92,Partly cloudy,0.0,78,3.8,49
2025-07-24T03:30,2025/07/24,03:30,13.1,13.2,95,Partly cloudy,0.0,49,4.1,45
2025-07-24T05:00,2025/07/24,05:00,12.6,12.5,95,Partly cloudy,0.0,45,4.3,48
2025-07-24T05:45,2025/07/24,05:45,13.6,13.8,95,Partly cloudy,0.0,76,4.4,55
2025-07-24T06:45,2025/07/24,06:45,14.5,15.0,93,Overcast,0.0,89,3.9,56
2025-07-24T07:45,2025/07/24,07:45,16.5,17.6,87,Partly cloudy,0.0,69,2.4,63
2025-07-24T08:30,2025/07/24,08:30,17.7,19.0,83,Clear sky,0.0,0,1.9,22
2025-07-24T09:45,2025/07/24,09:45,19.1,20.5,78,Mainly clear,0.0,0,2.4,27
2025-07-24T10:30,2025/07/24,10:30,19.8,21.2,76,Partly cloudy,0.0,55,2.4,27
2025-07-24T11:45,2025/07/24,11:45,20.8,22.5,71,Partly cloudy,0.0,76,1.4,360
2025-07-24T12:30,2025/07/24,12:30,21.0,22.8,68,Partly cloudy,0.0,77,4.4,235
2025-07-24T14:00,2025/07/24,14:00,22.0,23.2,64,Partly cloudy,0.0,57,8.2,221
2025-07-24T14:45,2025/07/24,14:45,22.0,22.1,64,Overcast,0.0,91,12.5,226
2025-07-24T15:45,2025/07/24,15:45,21.9,21.8,63,Overcast,0.0,93,13.6,238
2025-07-24T16:30,2025/07/24,16:30,21.6,21.2,63,Partly cloudy,0.0,77,12.9,243
2025-07-24T17:45,2025/07/24,17:45,20.6,20.1,65,Overcast,0.0,100,12.5,231
2025-07-24T18:30,2025/07/24,18:30,19.9,19.2,68,Overcast,0.0,100,12.9,216
2025-07-24T19:45,2025/07/24,19:45,18.2,17.9,76,Overcast,0.0,100,11.5,194
2025-07-24T20:30,2025/07/24,20:30,17.5,17.2,77,Overcast,0.0,98,9.3,196
2025-07-24T21:30,2025/07/24,21:30,16.1,16.2,83,Partly cloudy,0.0,79,6.4,164
2025-07-24T22:30,2025/07/24,22:30,14.9,15.2,88,Clear sky,0.0,0,4.9,126
2025-07-24T23:30,2025/07/24,23:30,14.4,14.6,89,Mainly clear,0.0,8,4.2,110
2025-07-25T00:30,2025/07/25,00:30,13.8,13.9,91,Partly cloudy,0.0,46,4.0,90
2025-07-25T03:30,2025/07/25,03:30,11.4,11.1,95,Mainly clear,0.0,6,3.3,103
2025-07-25T05:00,2025/07/25,05:00,10.9,10.5,95,Mainly clear,0.0,0,3.3,96
2025-07-25T05:45,2025/07/25,05:45,10.9,10.4,95,Fog,0.0,0,3.3,84
2025-07-25T06:45,2025/07/25,06:45,12.1,12.0,93,Mainly clear,0.0,0,2.5,98
2025-07-25T07:45,2025/07/25,07:45,14.1,14.4,87,Mainly clear,0.0,7,2.5,172
2025-07-25T08:30,2025/07/25,08:30,15.1,15.4,87,Overcast,0.0,84,4.6,198
2025-07-25T09:45,2025/07/25,09:45,16.5,16.5,86,Partly cloudy,0.0,79,8.8,215
2025-07-25T10:30,2025/07/25,10:30,17.1,16.7,84,Overcast,0.0,82,12.7,225
2025-07-25T11:45,2025/07/25,11:45,17.6,16.5,82,Overcast,0.0,98,17.9,230
2025-07-25T12:30,2025/07/25,12:30,17.5,16.5,83,Overcast,0.0,91,17.9,232
2025-07-25T14:00,2025/07/25,14:00,17.1,16.1,85,Overcast,0.0,100,17.4,230
2025-07-25T14:45,2025/07/25,14:45,17.0,16.3,86,Overcast,0.0,100,15.2,234
2025-07-25T15:30,2025/07/25,15:30,17.1,16.8,86,Overcast,0.0,100,13.3,237
2025-07-25T16:30,2025/07/25,16:30,17.5,17.5,86,Overcast,0.0,100,12.6,239
2025-07-25T17:45,2025/07/25,17:45,18.0,17.8,86,Overcast,0.0,95,13.8,237
2025-07-25T18:30,2025/07/25,18:30,18.0,17.9,86,Overcast,0.0,85,14.1,232
2025-07-25T19:45,2025/07/25,19:45,17.5,17.7,89,Overcast,0.0,78,12.5,221
2025-07-25T20:30,2025/07/25,20:30,17.1,17.4,91,Overcast,0.0,93,10.7,220
2025-07-25T21:30,2025/07/25,21:30,16.4,17.0,93,Overcast,0.0,84,8.2,203
2025-07-25T22:30,2025/07/25,22:30,15.8,16.4,95,Partly cloudy,0.0,67,6.9,186
2025-07-25T23:30,2025/07/25,23:30,15.4,16.1,96,Partly cloudy,0.0,62,6.5,186
2025-07-26T00:30,2025/07/26,00:30,15.5,16.4,96,Overcast,0.0,82,5.2,192
2025-07-26T03:15,2025/07/26,03:15,15.1,16.3,96,Fog,0.0,100,2.3,141
2025-07-26T04:30,2025/07/26,04:30,14.9,16.1,96,Overcast,0.0,100,1.3,146
2025-07-26T05:45,2025/07/26,05:45,14.6,15.8,96,Overcast,0.0,100,0.7,90
2025-07-26T06:30,2025/07/26,06:30,14.6,15.8,96,Fog,0.0,55,1.1,108
2025-07-26T07:45,2025/07/26,07:45,16.0,17.3,92,Fog,0.0,56,1.9,202
2025-07-26T08:30,2025/07/26,08:30,17.0,17.8,87,Partly cloudy,0.0,67,5.1,225
2025-07-26T09:30,2025/07/26,09:30,17.4,17.2,78,Overcast,0.0,87,8.5,242
2025-07-26T10:30,2025/07/26,10:30,17.6,16.8,76,Overcast,0.0,100,12.5,252
2025-07-26T11:30,2025/07/26,11:30,18.1,17.0,73,Overcast,0.0,100,14.4,266
2025-07-26T12:30,2025/07/26,12:30,18.8,18.4,66,Overcast,0.0,100,14.9,285
2025-07-26T14:00,2025/07/26,14:00,19.6,19.2,58,Partly cloudy,0.0,38,14.1,285
2025-07-26T14:45,2025/07/26,14:45,19.4,18.1,57,Partly cloudy,0.0,34,16.9,282
2025-07-26T15:30,2025/07/26,15:30,19.2,16.9,58,Partly cloudy,0.0,69,17.3,282
2025-07-26T16:30,2025/07/26,16:30,19.1,16.9,59,Overcast,0.0,82,16.8,280
2025-07-26T17:45,2025/07/26,17:45,18.9,16.9,60,Overcast,0.0,67,16.0,278
2025-07-26T18:30,2025/07/26,18:30,18.2,16.5,65,Partly cloudy,0.0,51,15.2,274
2025-07-26T19:45,2025/07/26,19:45,17.2,15.7,68,Mainly clear,0.0,33,13.0,265
2025-07-26T20:30,2025/07/26,20:30,16.4,15.4,73,Clear sky,0.0,0,9.8,253
2025-07-26T21:30,2025/07/26,21:30,15.4,15.0,83,Partly cloudy,0.0,47,7.4,219
2025-07-26T22:30,2025/07/26,22:30,14.9,15.0,89,Overcast,0.0,100,5.7,198
2025-07-26T23:30,2025/07/26,23:30,14.6,15.0,90,Overcast,0.0,100,3.9,202
2025-07-27T00:30,2025/07/27,00:30,14.1,14.6,92,Overcast,0.0,100,2.3,231
2025-07-27T03:30,2025/07/27,03:30,13.4,13.5,92,Overcast,0.0,100,3.8,229
2025-07-27T05:15,2025/07/27,05:15,12.8,12.6,89,Overcast,0.0,97,3.4,212
2025-07-27T05:45,2025/07/27,05:45,12.9,12.7,88,Overcast,0.0,97,3.4,212
2025-07-27T06:45,2025/07/27,06:45,13.6,13.3,85,Overcast,0.0,76,4.2,211
2025-07-27T07:45,2025/07/27,07:45,14.6,13.9,80,Overcast,0.0,82,7.2,233
2025-07-27T08:30,2025/07/27,08:30,15.1,14.1,78,Overcast,0.0,79,9.8,246
2025-07-27T09:30,2025/07/27,09:30,15.6,14.4,76,Overcast,0.0,85,11.8,258
2025-07-27T10:30,2025/07/27,10:30,15.9,14.4,74,Slight rain,0.0,91,12.7,262
2025-07-27T11:30,2025/07/27,11:30,15.9,14.5,76,Slight rain,0.0,93,13.5,254
2025-07-27T12:30,2025/07/27,12:30,16.0,14.4,74,Overcast,0.0,100,14.2,261
2025-07-27T14:00,2025/07/27,14:00,16.5,14.5,70,Overcast,0.0,98,15.1,273
2025-07-27T14:45,2025/07/27,14:45,17.0,14.9,66,Overcast,0.0,98,15.8,271
2025-07-27T15:30,2025/07/27,15:30,17.4,15.0,63,Overcast,0.0,86,16.9,270
2025-07-27T16:30,2025/07/27,16:30,17.4,14.9,62,Overcast,0.0,86,17.3,274
2025-07-27T17:45,2025/07/27,17:45,16.8,14.7,66,Overcast,0.0,86,15.1,273
2025-07-27T18:30,2025/07/27,18:30,16.2,14.6,70,Overcast,0.0,88,13.0,264
2025-07-27T19:45,2025/07/27,19:45,15.6,14.5,76,Overcast,0.0,83,10.6,246
2025-07-27T20:30,2025/07/27,20:30,15.1,14.3,79,Partly cloudy,0.0,67,8.6,237
2025-07-27T21:30,2025/07/27,21:30,14.1,13.8,84,Partly cloudy,0.0,38,5.2,214
2025-07-27T22:30,2025/07/27,22:30,13.2,12.9,88,Partly cloudy,0.0,65,4.4,189
2025-07-27T23:30,2025/07/27,23:30,12.9,12.7,90,Mainly clear,0.0,8,4.0,180
2025-07-28T00:30,2025/07/28,00:30,12.6,12.5,91,Mainly clear,0.0,26,3.0,166
2025-07-28T03:30,2025/07/28,03:30,12.4,12.3,93,Overcast,0.0,85,3.6,143
2025-07-28T05:15,2025/07/28,05:15,12.4,12.4,94,Partly cloudy,0.0,44,3.2,117
2025-07-28T06:00,2025/07/28,06:00,12.4,12.5,94,Partly cloudy,0.0,64,2.4,117
2025-07-28T06:45,2025/07/28,06:45,13.1,13.4,93,Partly cloudy,0.0,64,1.9,112
2025-07-28T07:45,2025/07/28,07:45,14.4,14.8,90,Partly cloudy,0.0,49,2.5,225
2025-07-28T08:30,2025/07/28,08:30,15.5,15.6,84,Mainly clear,0.0,23,5.1,266
2025-07-28T09:45,2025/07/28,09:45,17.5,16.6,71,Partly cloudy,0.0,58,11.5,284
2025-07-28T10:45,2025/07/28,10:45,18.2,17.0,65,Overcast,0.0,100,15.0,287
2025-07-28T11:45,2025/07/28,11:45,18.2,16.7,62,Overcast,0.0,100,16.6,288
2025-07-28T12:30,2025/07/28,12:30,18.5,17.2,61,Overcast,0.0,100,17.3,287
2025-07-28T14:00,2025/07/28,14:00,18.9,17.4,58,Overcast,0.0,81,18.3,286
2025-07-28T14:45,2025/07/28,14:45,18.8,17.1,58,Overcast,0.0,80,18.2,279
2025-07-28T15:45,2025/07/28,15:45,18.5,16.6,60,Overcast,0.0,81,17.3,275
2025-07-28T16:30,2025/07/28,16:30,18.3,16.0,61,Partly cloudy,0.0,48,17.0,275
2025-07-28T17:45,2025/07/28,17:45,17.8,15.7,65,Partly cloudy,0.0,50,16.5,280
2025-07-28T18:30,2025/07/28,18:30,17.5,15.5,65,Partly cloudy,0.0,70,15.3,285
2025-07-28T19:45,2025/07/28,19:45,16.8,15.0,66,Partly cloudy,0.0,53,12.8,286
2025-07-28T20:30,2025/07/28,20:30,15.7,14.2,68,Clear sky,0.0,0,10.1,276
2025-07-28T21:30,2025/07/28,21:30,14.4,13.6,74,Clear sky,0.0,0,5.4,250
2025-07-28T22:30,2025/07/28,22:30,13.2,12.8,80,Clear sky,0.0,0,2.9,210
2025-07-28T23:30,2025/07/28,23:30,12.9,12.4,81,Mainly clear,0.0,14,2.6,164
2025-07-29T00:30,2025/07/29,00:30,12.4,12.0,84,Mainly clear,0.0,26,2.8,140
2025-07-29T03:30,2025/07/29,03:30,11.4,10.6,87,Overcast,0.0,85,4.1,75
2025-07-29T05:15,2025/07/29,05:15,11.9,11.6,92,Slight rain,0.2,100,3.7,79
2025-07-29T06:00,2025/07/29,06:00,12.2,11.9,93,Slight rain,0.1,100,4.2,70
2025-07-29T06:45,2025/07/29,06:45,12.6,12.5,93,Slight rain,0.1,100,4.1,75
2025-07-29T07:45,2025/07/29,07:45,13.1,13.2,93,Slight rain,0.0,100,2.9,90
2025-07-29T08:30,2025/07/29,08:30,13.2,13.8,94,Slight rain showers,0.0,100,1.3,56
2025-07-29T09:45,2025/07/29,09:45,13.6,14.2,92,Slight rain showers,0.0,100,1.1,180
2025-07-29T10:30,2025/07/29,10:30,13.9,14.5,92,Overcast,0.0,100,1.3,214
2025-07-29T11:45,2025/07/29,11:45,14.4,15.2,92,Overcast,0.0,100,1.9,202
2025-07-29T12:30,2025/07/29,12:30,14.6,15.6,92,Overcast,0.0,100,0.8,243
2025-07-29T14:00,2025/07/29,14:00,15.1,16.3,90,Overcast,0.0,100,0.0,270
2025-07-29T14:45,2025/07/29,14:45,15.8,17.0,90,Overcast,0.0,100,0.4,270
2025-07-29T15:45,2025/07/29,15:45,16.2,17.5,89,Overcast,0.0,97,1.1,198
2025-07-29T16:30,2025/07/29,16:30,16.4,17.5,88,Overcast,0.0,100,2.3,198
2025-07-29T17:45,2025/07/29,17:45,17.1,18.4,87,Overcast,0.0,100,2.3,219
2025-07-29T18:30,2025/07/29,18:30,17.1,18.4,86,Overcast,0.0,91,2.6,236
2025-07-29T19:45,2025/07/29,19:45,17.0,18.4,87,Overcast,0.0,100,1.5,256
2025-07-29T20:30,2025/07/29,20:30,16.9,18.3,86,Overcast,0.0,100,0.5,135
2025-07-29T21:30,2025/07/29,21:30,16.4,17.8,89,Overcast,0.0,90,0.7,90
2025-07-29T22:30,2025/07/29,22:30,15.8,17.0,92,Overcast,0.0,87,1.9,68
2025-07-29T23:30,2025/07/29,23:30,15.6,16.7,93,Overcast,0.0,89,2.1,59
2025-07-30T00:30,2025/07/30,00:30,15.0,16.0,95,Overcast,0.0,85,2.9,60
2025-07-30T03:30,2025/07/30,03:30,14.0,14.6,97,Fog,0.0,74,3.4,72
2025-07-30T05:00,2025/07/30,05:00,13.4,13.9,98,Fog,0.0,71,3.0,76
2025-07-30T05:45,2025/07/30,05:45,13.0,13.5,98,Fog,0.0,88,2.6,74
2025-07-30T06:45,2025/07/30,06:45,13.8,14.5,97,Fog,0.0,74,2.2,90
2025-07-30T07:45,2025/07/30,07:45,15.1,16.3,95,Fog,0.0,67,1.8,143
2025-07-30T08:30,2025/07/30,08:30,16.0,17.1,92,Fog,0.0,84,3.7,209
2025-07-30T09:45,2025/07/30,09:45,17.1,18.0,88,Overcast,0.0,88,5.9,232
2025-07-30T10:45,2025/07/30,10:45,18.2,19.1,83,Overcast,0.0,83,6.0,253
2025-07-30T11:45,2025/07/30,11:45,19.1,19.8,79,Overcast,0.0,81,7.8,257
2025-07-30T12:30,2025/07/30,12:30,19.6,19.8,76,Partly cloudy,0.0,72,10.9,261
2025-07-30T14:00,2025/07/30,14:00,20.4,20.2,70,Overcast,0.0,99,17.6,270
2025-07-30T14:45,2025/07/30,14:45,19.8,18.6,63,Overcast,0.0,100,18.8,273
2025-07-30T15:45,2025/07/30,15:45,19.4,17.6,64,Overcast,0.0,100,17.7,272
2025-07-30T16:30,2025/07/30,16:30,18.8,17.1,66,Overcast,0.0,100,16.6,265
2025-07-30T17:45,2025/07/30,17:45,17.6,16.7,75,Overcast,0.0,100,13.2,248
2025-07-30T18:30,2025/07/30,18:30,17.9,17.5,76,Overcast,0.0,100,10.6,252
2025-07-30T19:45,2025/07/30,19:45,18.2,18.1,77,Overcast,0.0,100,10.6,246
2025-07-30T20:30,2025/07/30,20:30,17.5,17.2,83,Overcast,0.0,78,12.8,238
2025-07-30T21:30,2025/07/30,21:30,17.0,17.2,88,Overcast,0.0,95,9.7,225
2025-07-30T22:30,2025/07/30,22:30,16.6,17.4,92,Overcast,0.0,91,6.8,205
2025-07-30T23:30,2025/07/30,23:30,16.1,17.1,95,Overcast,0.0,88,5.9,194
2025-07-31T00:30,2025/07/31,00:30,15.6,16.7,96,Partly cloudy,0.0,52,4.2,200
2025-07-31T03:30,2025/07/31,03:30,13.9,13.9,90,Mainly clear,0.0,29,4.6,219
2025-07-31T05:00,2025/07/31,05:00,13.0,12.9,88,Overcast,0.0,90,3.1,225
2025-07-31T05:45,2025/07/31,05:45,12.8,12.8,90,Overcast,0.0,82,2.1,211
2025-07-31T06:45,2025/07/31,06:45,13.1,13.3,90,Overcast,0.0,97,1.1,180
2025-07-31T07:45,2025/07/31,07:45,14.5,14.8,87,Overcast,0.0,99,3.0,194
2025-07-31T08:30,2025/07/31,08:30,15.4,15.6,84,Overcast,0.0,100,4.4,235
2025-07-31T09:45,2025/07/31,09:45,16.9,16.7,77,Overcast,0.0,100,7.3,290
2025-07-31T10:30,2025/07/31,10:30,17.8,17.2,71,Overcast,0.0,99,9.2,301
2025-07-31T11:45,2025/07/31,11:45,19.0,18.1,69,Overcast,0.0,100,12.4,306
2025-07-31T12:30,2025/07/31,12:30,19.5,18.4,66,Overcast,0.0,100,13.6,310
2025-07-31T14:00,2025/07/31,14:00,19.5,18.7,67,Overcast,0.0,100,13.4,301
2025-07-31T14:45,2025/07/31,14:45,20.1,19.1,62,Overcast,0.0,100,16.5,306
2025-07-31T15:45,2025/07/31,15:45,20.5,18.7,60,Partly cloudy,0.0,61,18.7,310
2025-07-31T16:30,2025/07/31,16:30,20.5,18.4,55,Mainly clear,0.0,11,18.9,309
2025-07-31T17:45,2025/07/31,17:45,19.5,17.5,61,Mainly clear,0.0,16,17.6,311
2025-07-31T18:30,2025/07/31,18:30,18.9,16.9,62,Partly cloudy,0.0,42,16.6,318
2025-07-31T19:45,2025/07/31,19:45,17.9,16.9,64,Mainly clear,0.0,21,8.7,318
2025-07-31T20:30,2025/07/31,20:30,16.8,16.1,68,Clear sky,0.0,0,5.9,313
2025-07-31T21:30,2025/07/31,21:30,15.4,15.1,74,Mainly clear,0.0,9,3.3,276
2025-07-31T22:30,2025/07/31,22:30,14.2,14.1,79,Partly cloudy,0.0,61,2.6,286
2025-07-31T23:30,2025/07/31,23:30,13.6,13.6,82,Partly cloudy,0.0,44,1.8,270
2025-08-01T00:30,2025/08/01,00:30,13.3,13.3,82,Partly cloudy,0.0,60,0.4,270
2025-08-01T03:45,2025/08/01,03:45,9.8,8.7,93,Partly cloudy,0.0,54,4.8,48
2025-08-01T05:30,2025/08/01,05:30,10.4,9.7,94,Overcast,0.0,78,3.8,49
2025-08-01T06:45,2025/08/01,06:45,11.2,10.9,92,Overcast,0.0,93,2.8,40
2025-08-01T07:45,2025/08/01,07:45,12.9,12.9,86,Overcast,0.0,94,1.5,346
2025-08-01T08:30,2025/08/01,08:30,14.4,14.0,80,Overcast,0.0,96,4.6,342
2025-08-01T09:45,2025/08/01,09:45,15.1,12.8,65,Overcast,0.0,100,13.3,360
2025-08-01T10:45,2025/08/01,10:45,16.3,13.8,61,Overcast,0.0,100,15.2,4
2025-08-01T11:45,2025/08/01,11:45,17.1,14.9,57,Partly cloudy,0.0,56,15.9,357
2025-08-01T12:30,2025/08/01,12:30,17.3,14.6,57,Overcast,0.0,87,15.9,354
2025-08-01T14:00,2025/08/01,14:00,17.8,15.1,55,Overcast,0.0,99,15.5,347
2025-08-01T14:45,2025/08/01,14:45,18.1,15.2,53,Overcast,0.0,99,17.2,350
2025-08-01T15:30,2025/08/01,15:30,18.5,15.6,52,Overcast,0.0,98,16.8,350
2025-08-01T16:30,2025/08/01,16:30,18.9,16.1,50,Partly cloudy,0.0,60,16.6,347
2025-08-01T17:45,2025/08/01,17:45,18.5,16.0,53,Partly cloudy,0.0,77,15.2,346
2025-08-01T18:30,2025/08/01,18:30,18.1,16.2,57,Partly cloudy,0.0,65,12.3,345
2025-08-01T19:45,2025/08/01,19:45,17.3,16.4,65,Overcast,0.0,94,7.4,331
2025-08-01T20:30,2025/08/01,20:30,16.4,15.8,70,Partly cloudy,0.0,58,5.4,323
2025-08-01T21:30,2025/08/01,21:30,14.9,14.7,77,Partly cloudy,0.0,54,3.5,336
2025-08-01T22:30,2025/08/01,22:30,13.7,13.4,80,Partly cloudy,0.0,38,3.0,14
2025-08-01T23:30,2025/08/01,23:30,12.8,12.3,83,Partly cloudy,0.0,68,3.8,49
2025-08-02T00:30,2025/08/02,00:30,11.8,11.0,86,Mainly clear,0.0,4,4.7,58
2025-08-02T03:15,2025/08/02,03:15,10.4,9.3,90,Partly cloudy,0.0,60,5.1,51
2025-08-02T04:30,2025/08/02,04:30,9.6,8.4,93,Mainly clear,0.0,0,5.0,60
2025-08-02T05:45,2025/08/02,05:45,9.1,7.8,94,Clear sky,0.0,0,4.9,54
2025-08-02T06:45,2025/08/02,06:45,9.9,8.9,92,Mainly clear,0.0,0,3.7,61
2025-08-02T07:45,2025/08/02,07:45,12.2,11.9,86,Clear sky,0.0,0,2.2,90
2025-08-02T08:30,2025/08/02,08:30,14.1,14.2,82,Mainly clear,0.0,2,1.8,169
2025-08-02T09:45,2025/08/02,09:45,15.6,15.5,76,Mainly clear,0.0,4,4.1,218
2025-08-02T10:30,2025/08/02,10:30,16.5,16.8,74,Clear sky,0.0,0,5.4,228
2025-08-02T11:30,2025/08/02,11:30,17.6,17.2,67,Partly cloudy,0.0,47,7.9,246
2025-08-02T12:30,2025/08/02,12:30,18.3,18.0,63,Partly cloudy,0.0,65,10.2,252
2025-08-02T14:00,2025/08/02,14:00,18.7,17.8,63,Partly cloudy,0.0,68,14.7,245
2025-08-02T14:45,2025/08/02,14:45,18.6,16.8,60,Partly cloudy,0.0,70,15.4,254
2025-08-02T15:30,2025/08/02,15:30,18.5,16.8,62,Partly cloudy,0.0,68,16.1,254
2025-08-02T16:30,2025/08/02,16:30,18.1,16.0,62,Partly cloudy,0.0,57,16.4,255
2025-08-02T17:45,2025/08/02,17:45,17.3,15.0,63,Mainly clear,0.0,4,16.2,253
2025-08-02T18:30,2025/08/02,18:30,16.8,14.7,66,Clear sky,0.0,0,15.5,252
2025-08-02T19:45,2025/08/02,19:45,15.9,14.2,71,Mainly clear,0.0,10,12.6,243
2025-08-02T20:30,2025/08/02,20:30,15.2,14.0,76,Mainly clear,0.0,3,10.3,234
2025-08-02T21:30,2025/08/02,21:30,14.4,13.5,81,Partly cloudy,0.0,61,8.0,216
2025-08-02T22:30,2025/08/02,22:30,13.8,13.2,86,Mainly clear,0.0,32,6.6,202
2025-08-02T23:30,2025/08/02,23:30,13.3,13.0,90,Partly cloudy,0.0,77,5.5,191
2025-08-03T00:30,2025/08/03,00:30,13.2,13.0,91,Overcast,0.0,100,5.0,159
2025-08-03T03:45,2025/08/03,03:45,14.5,14.8,94,Overcast,0.1,100,5.5,169
2025-08-03T05:15,2025/08/03,05:15,15.1,15.6,98,Slight rain,0.0,100,7.7,191
2025-08-03T06:00,2025/08/03,06:00,15.6,16.0,97,Light drizzle,0.0,100,9.0,203
2025-08-03T06:45,2025/08/03,06:45,15.8,15.5,96,Light drizzle,0.0,100,13.7,194
2025-08-03T07:45,2025/08/03,07:45,15.3,14.9,96,Light drizzle,0.0,100,13.7,178
2025-08-03T08:30,2025/08/03,08:30,14.8,14.6,97,Slight rain,0.4,100,10.8,180
2025-08-03T09:30,2025/08/03,09:30,15.6,16.2,98,Slight rain,0.0,100,7.9,180
2025-08-03T10:30,2025/08/03,10:30,17.5,18.9,94,Slight rain showers,0.0,100,5.9,227
2025-08-03T11:30,2025/08/03,11:30,19.6,19.7,81,Overcast,0.0,100,14.4,271
2025-08-03T12:30,2025/08/03,12:30,20.4,19.8,72,Overcast,0.0,100,19.8,286
2025-08-03T14:00,2025/08/03,14:00,20.0,18.6,66,Overcast,0.0,100,20.9,289
2025-08-03T14:45,2025/08/03,14:45,20.6,19.6,64,Overcast,0.0,93,21.5,288
2025-08-03T15:30,2025/08/03,15:30,20.5,18.9,60,Partly cloudy,0.0,42,21.5,291
2025-08-03T16:30,2025/08/03,16:30,20.1,17.9,57,Mainly clear,0.0,17,20.4,291
2025-08-03T17:45,2025/08/03,17:45,19.2,17.0,60,Partly cloudy,0.0,69,17.9,279
2025-08-03T18:30,2025/08/03,18:30,18.5,16.6,63,Overcast,0.0,83,15.8,271
2025-08-03T19:45,2025/08/03,19:45,17.2,16.2,71,Overcast,0.0,100,11.0,247
2025-08-03T20:30,2025/08/03,20:30,16.5,15.8,75,Overcast,0.0,100,8.4,239
2025-08-03T21:30,2025/08/03,21:30,15.6,15.3,80,Overcast,0.0,98,6.4,207
2025-08-03T22:30,2025/08/03,22:30,14.9,14.8,85,Partly cloudy,0.0,65,5.5,191
2025-08-03T23:30,2025/08/03,23:30,14.8,14.9,92,Overcast,0.0,81,7.1,210
2025-08-04T00:30,2025/08/04,00:30,14.9,15.0,93,Overcast,0.0,83,7.6,205
2025-08-04T03:30,2025/08/04,03:30,14.8,14.3,93,Slight rain,0.1,100,10.8,182
2025-08-04T05:30,2025/08/04,05:30,14.6,13.5,90,Slight rain,0.1,100,14.1,165
2025-08-04T06:45,2025/08/04,06:45,14.8,13.1,89,Slight rain,0.2,100,17.8,166
2025-08-04T07:45,2025/08/04,07:45,15.4,13.1,91,Slight rain,0.3,100,23.8,177
2025-08-04T08:45,2025/08/04,08:45,16.0,13.7,94,Slight rain,0.5,100,27.6,188
2025-08-04T09:45,2025/08/04,09:45,16.6,14.0,94,Slight rain,0.4,100,31.6,195
2025-08-04T10:45,2025/08/04,10:45,18.0,14.8,91,Slight rain,0.0,100,37.8,217
2025-08-04T11:45,2025/08/04,11:45,18.5,15.0,80,Slight rain showers,0.0,95,35.2,252
2025-08-04T12:30,2025/08/04,12:30,18.3,14.9,73,Partly cloudy,0.0,68,34.9,268
2025-08-04T14:00,2025/08/04,14:00,17.8,13.6,63,Partly cloudy,0.0,50,34.6,271
2025-08-04T14:45,2025/08/04,14:45,17.9,13.6,60,Partly cloudy,0.0,41,33.9,268
2025-08-04T15:45,2025/08/04,15:45,17.5,12.8,60,Partly cloudy,0.0,52,33.5,268
2025-08-04T16:30,2025/08/04,16:30,17.4,12.5,60,Partly cloudy,0.0,53,32.8,268
2025-08-04T17:45,2025/08/04,17:45,17.0,12.5,63,Partly cloudy,0.0,12,31.3,271
2025-08-04T18:45,2025/08/04,18:45,16.4,12.2,63,Mainly clear,0.0,18,27.4,274
2025-08-04T19:45,2025/08/04,19:45,15.5,12.0,66,Mainly clear,0.0,22,22.7,272
2025-08-04T20:30,2025/08/04,20:30,15.0,11.7,67,Mainly clear,0.0,26,21.0,265
2025-08-04T21:30,2025/08/04,21:30,14.2,11.3,71,Partly cloudy,0.0,41,17.9,261
2025-08-04T22:30,2025/08/04,22:30,13.8,11.1,73,Partly cloudy,0.0,48,16.9,258
2025-08-04T23:30,2025/08/04,23:30,13.7,10.8,73,Partly cloudy,0.0,52,18.0,258
2025-08-05T00:30,2025/08/05,00:30,13.4,10.3,72,Partly cloudy,0.0,43,17.9,261
2025-08-05T03:30,2025/08/05,03:30,12.6,9.4,81,Partly cloudy,0.0,57,20.2,267
2025-08-05T05:15,2025/08/05,05:15,12.3,9.1,82,Partly cloudy,0.0,54,20.5,270
2025-08-05T06:00,2025/08/05,06:00,12.6,9.5,81,Overcast,0.0,84,20.5,271
2025-08-05T06:45,2025/08/05,06:45,12.9,9.8,81,Overcast,0.0,84,20.9,270
2025-08-05T07:45,2025/08/05,07:45,13.4,10.2,79,Partly cloudy,0.0,67,22.3,273
2025-08-05T08:30,2025/08/05,08:30,14.0,10.6,76,Partly cloudy,0.0,47,23.1,275
2025-08-05T09:45,2025/08/05,09:45,15.2,11.5,70,Partly cloudy,0.0,28,24.9,281
2025-08-05T10:45,2025/08/05,10:45,15.8,11.7,67,Partly cloudy,0.0,48,27.6,282
2025-08-05T11:45,2025/08/05,11:45,16.2,12.7,68,Partly cloudy,0.0,63,28.7,282
2025-08-05T12:30,2025/08/05,12:30,16.6,13.4,67,Partly cloudy,0.0,54,29.1,282
2025-08-05T14:00,2025/08/05,14:00,17.1,14.0,65,Partly cloudy,0.0,45,28.5,283
2025-08-05T14:45,2025/08/05,14:45,17.5,14.1,64,Partly cloudy,0.0,30,28.6,285
2025-08-05T15:45,2025/08/05,15:45,17.7,14.3,62,Mainly clear,0.0,25,28.6,285
2025-08-05T16:30,2025/08/05,16:30,17.6,14.0,62,Mainly clear,0.0,14,27.8,283
2025-08-05T17:30,2025/08/05,17:30,17.2,13.5,63,Mainly clear,0.0,11,25.7,285
2025-08-05T18:30,2025/08/05,18:30,16.4,13.0,64,Mainly clear,0.0,8,22.6,287
2025-08-05T19:45,2025/08/05,19:45,15.5,12.6,67,Mainly clear,0.0,4,18.7,286
2025-08-05T20:30,2025/08/05,20:30,14.8,12.0,70,Mainly clear,0.0,5,17.5,289
2025-08-05T21:30,2025/08/05,21:30,13.7,11.6,72,Clear sky,0.0,0,12.2,294
2025-08-05T22:30,2025/08/05,22:30,12.9,11.8,76,Clear sky,0.0,0,5.1,266
2025-08-05T23:30,2025/08/05,23:30,12.0,11.0,81,Mainly clear,0.0,8,4.8,193
2025-08-06T00:30,2025/08/06,00:30,11.6,10.4,85,Mainly clear,0.0,23,6.6,171
2025-08-06T03:30,2025/08/06,03:30,12.3,11.3,89,Partly cloudy,0.0,52,7.9,219
2025-08-06T05:15,2025/08/06,05:15,12.3,11.3,89,Overcast,0.0,100,8.0,234
2025-08-06T06:00,2025/08/06,06:00,12.2,11.3,89,Overcast,0.0,100,7.9,227
2025-08-06T06:45,2025/08/06,06:45,12.8,11.6,87,Overcast,0.0,100,9.2,228
2025-08-06T07:45,2025/08/06,07:45,13.8,12.4,84,Overcast,0.0,100,12.0,237
2025-08-06T08:30,2025/08/06,08:30,14.4,12.4,80,Overcast,0.0,97,15.6,251
2025-08-06T09:45,2025/08/06,09:45,15.4,13.1,73,Partly cloudy,0.0,64,17.6,255
2025-08-06T10:45,2025/08/06,10:45,16.0,13.7,69,Partly cloudy,0.0,56,17.3,249
2025-08-06T11:45,2025/08/06,11:45,16.2,13.6,67,Overcast,0.0,88,18.7,245
2025-08-06T12:30,2025/08/06,12:30,16.5,13.8,66,Overcast,0.0,92,19.0,243
2025-08-06T14:00,2025/08/06,14:00,16.9,14.2,64,Overcast,0.0,100,19.4,239
2025-08-06T14:45,2025/08/06,14:45,16.5,14.0,67,Overcast,0.0,100,18.1,235
2025-08-06T15:45,2025/08/06,15:45,16.7,14.3,68,Overcast,0.0,100,17.8,234
2025-08-06T16:30,2025/08/06,16:30,16.8,14.5,68,Overcast,0.0,92,17.7,237
2025-08-06T17:45,2025/08/06,17:45,16.6,14.6,68,Overcast,0.0,82,15.1,237
2025-08-06T18:30,2025/08/06,18:30,16.6,14.9,69,Partly cloudy,0.0,32,13.8,229
2025-08-06T19:45,2025/08/06,19:45,15.6,14.1,75,Overcast,0.0,93,12.7,215
2025-08-06T20:30,2025/08/06,20:30,14.9,13.9,80,Overcast,0.0,92,10.3,209
2025-08-06T21:30,2025/08/06,21:30,14.2,13.6,84,Overcast,0.0,97,7.5,197
2025-08-06T22:30,2025/08/06,22:30,14.0,13.6,87,Overcast,0.0,100,6.7,164
2025-08-06T23:30,2025/08/06,23:30,14.1,13.3,87,Overcast,0.0,100,9.2,169
2025-08-07T00:30,2025/08/07,00:30,14.0,12.8,87,Overcast,0.0,100,12.2,178
2025-08-07T03:30,2025/08/07,03:30,13.4,11.7,89,Slight rain,0.3,100,15.5,184
2025-08-07T05:15,2025/08/07,05:15,13.1,11.0,90,Slight rain,0.0,100,17.8,173
2025-08-07T06:00,2025/08/07,06:00,13.6,11.5,88,Overcast,0.0,100,17.7,176
2025-08-07T06:45,2025/08/07,06:45,13.6,11.6,89,Overcast,0.0,100,18.4,181
2025-08-07T07:45,2025/08/07,07:45,14.6,12.7,90,Slight rain showers,0.0,100,18.9,193
2025-08-07T08:30,2025/08/07,08:30,15.8,14.0,90,Overcast,0.0,92,21.9,222
2025-08-07T09:45,2025/08/07,09:45,17.0,15.1,87,Overcast,0.0,90,23.8,232
2025-08-07T10:45,2025/08/07,10:45,17.7,15.8,81,Overcast,0.0,100,23.0,238
2025-08-07T11:45,2025/08/07,11:45,17.9,16.1,79,Overcast,0.0,100,22.1,240
2025-08-07T12:30,2025/08/07,12:30,18.2,16.3,75,Overcast,0.0,100,22.6,241
2025-08-07T14:00,2025/08/07,14:00,18.6,16.8,71,Partly cloudy,0.0,61,22.9,246
2025-08-07T14:45,2025/08/07,14:45,18.9,17.1,67,Partly cloudy,0.0,63,23.0,241
2025-08-07T15:45,2025/08/07,15:45,18.9,16.3,62,Partly cloudy,0.0,41,24.0,246
2025-08-07T16:30,2025/08/07,16:30,18.5,15.4,63,Partly cloudy,0.0,6,24.7,247
2025-08-07T17:45,2025/08/07,17:45,18.1,15.5,66,Partly cloudy,0.0,60,22.1,246
2025-08-07T18:30,2025/08/07,18:30,17.7,15.3,69,Partly cloudy,0.0,43,20.8,247
2025-08-07T19:45,2025/08/07,19:45,16.8,15.3,76,Mainly clear,0.0,10,15.7,238
2025-08-07T20:30,2025/08/07,20:30,16.1,14.9,77,Mainly clear,0.0,7,13.0,236
2025-08-07T21:30,2025/08/07,21:30,15.4,14.6,82,Partly cloudy,0.0,51,10.2,228
2025-08-07T22:30,2025/08/07,22:30,15.1,14.5,86,Partly cloudy,0.0,30,9.7,225
2025-08-07T23:30,2025/08/07,23:30,14.9,13.9,86,Mainly clear,0.0,30,12.3,238
2025-08-08T00:30,2025/08/08,00:30,14.6,13.7,87,Partly cloudy,0.0,70,10.8,240
2025-08-08T03:30,2025/08/08,03:30,13.1,11.7,78,Partly cloudy,0.0,53,8.4,239
2025-08-08T05:15,2025/08/08,05:15,11.8,10.7,83,Mainly clear,0.0,24,5.5,203
2025-08-08T06:00,2025/08/08,06:00,11.6,10.7,85,Partly cloudy,0.0,43,4.6,198
2025-08-08T06:45,2025/08/08,06:45,12.1,11.3,87,Partly cloudy,0.0,43,5.5,203
2025-08-08T07:45,2025/08/08,07:45,13.8,12.6,84,Partly cloudy,0.0,42,10.9,226
2025-08-08T08:30,2025/08/08,08:30,14.9,12.6,79,Partly cloudy,0.0,50,18.6,238
2025-08-08T09:45,2025/08/08,09:45,15.4,12.2,75,Partly cloudy,0.0,72,24.4,239
2025-08-08T10:45,2025/08/08,10:45,16.0,12.6,73,Overcast,0.0,100,26.6,237
2025-08-08T11:45,2025/08/08,11:45,17.0,13.8,69,Overcast,0.0,100,27.5,243
2025-08-08T12:30,2025/08/08,12:30,17.4,14.5,68,Overcast,0.0,100,27.2,241
2025-08-08T14:00,2025/08/08,14:00,17.6,14.8,66,Partly cloudy,0.0,58,26.2,238
2025-08-08T14:45,2025/08/08,14:45,17.7,14.8,63,Partly cloudy,0.0,57,25.1,238
2025-08-08T15:45,2025/08/08,15:45,17.6,14.5,64,Overcast,0.0,100,24.3,235
2025-08-08T16:30,2025/08/08,16:30,17.6,14.3,64,Overcast,0.0,100,23.8,232
2025-08-08T17:30,2025/08/08,17:30,17.5,14.4,66,Overcast,0.0,100,23.5,229
2025-08-08T18:30,2025/08/08,18:30,17.3,14.6,69,Overcast,0.0,100,21.9,222
2025-08-08T19:45,2025/08/08,19:45,16.8,14.6,74,Overcast,0.0,100,19.2,218
2025-08-08T20:30,2025/08/08,20:30,16.4,14.4,77,Overcast,0.0,100,18.0,217
2025-08-08T21:30,2025/08/08,21:30,15.9,14.1,79,Partly cloudy,0.0,56,17.6,215
2025-08-08T22:30,2025/08/08,22:30,16.0,13.8,77,Partly cloudy,0.0,77,19.6,216
2025-08-08T23:30,2025/08/08,23:30,15.7,13.4,79,Partly cloudy,0.0,63,20.3,217
2025-08-09T00:30,2025/08/09,00:30,15.5,13.3,83,Overcast,0.0,83,20.7,219
2025-08-09T03:15,2025/08/09,03:15,14.8,13.0,90,Partly cloudy,0.0,51,18.6,229
2025-08-09T04:30,2025/08/09,04:30,14.2,13.0,86,Mainly clear,0.0,18,13.0,226
2025-08-09T05:45,2025/08/09,05:45,14.4,12.7,83,Partly cloudy,0.0,44,14.3,225
2025-08-09T06:30,2025/08/09,06:30,14.5,12.4,80,Partly cloudy,0.0,51,16.8,225
2025-08-09T07:45,2025/08/09,07:45,15.1,12.4,78,Partly cloudy,0.0,47,22.0,230
2025-08-09T08:30,2025/08/09,08:30,15.6,12.3,76,Partly cloudy,0.0,49,25.2,236
2025-08-09T09:30,2025/08/09,09:30,15.9,12.3,74,Partly cloudy,0.0,51,27.7,235
2025-08-09T10:30,2025/08/09,10:30,15.6,12.0,76,Overcast,0.0,100,27.5,236
2025-08-09T11:30,2025/08/09,11:30,15.6,12.3,79,Overcast,0.0,100,27.2,244
2025-08-09T12:30,2025/08/09,12:30,16.5,13.4,78,Overcast,0.0,98,26.6,245
2025-08-09T14:00,2025/08/09,14:00,17.5,14.2,72,Partly cloudy,0.0,57,28.1,247
2025-08-09T14:30,2025/08/09,14:30,17.8,14.9,71,Partly cloudy,0.0,48,27.4,247
2025-08-09T15:30,2025/08/09,15:30,18.0,15.2,68,Partly cloudy,0.0,48,24.4,257
2025-08-09T16:30,2025/08/09,16:30,18.1,15.3,64,Partly cloudy,0.0,54,22.1,263
2025-08-09T17:30,2025/08/09,17:30,18.1,15.1,61,Partly cloudy,0.0,40,21.3,264
2025-08-09T18:30,2025/08/09,18:30,17.6,14.9,60,Mainly clear,0.0,23,18.8,266
2025-08-09T19:45,2025/08/09,19:45,16.6,15.0,67,Overcast,0.0,100,11.8,258
2025-08-09T20:30,2025/08/09,20:30,15.8,15.1,76,Clear sky,0.0,0,7.9,240
2025-08-09T21:30,2025/08/09,21:30,14.4,14.2,82,Overcast,0.0,100,4.6,198
2025-08-09T22:30,2025/08/09,22:30,13.5,13.3,86,Mainly clear,0.0,25,4.0,170
2025-08-09T23:30,2025/08/09,23:30,13.0,12.9,88,Clear sky,0.0,0,2.6,164
2025-08-10T00:30,2025/08/10,00:30,12.6,12.5,89,Mainly clear,0.0,7,2.3,129
2025-08-10T03:30,2025/08/10,03:30,12.1,11.7,86,Clear sky,0.0,0,2.3,108
2025-08-10T05:00,2025/08/10,05:00,10.9,10.2,89,Mainly clear,0.0,9,3.6,90
2025-08-10T05:45,2025/08/10,05:45,10.7,10.1,92,Mainly clear,0.0,41,3.0,76
2025-08-10T06:30,2025/08/10,06:30,10.9,10.4,92,Clear sky,0.0,0,2.6,74
2025-08-10T07:45,2025/08/10,07:45,12.8,13.0,90,Mainly clear,0.0,52,1.1,108
2025-08-10T08:30,2025/08/10,08:30,14.2,14.3,85,Mainly clear,0.0,30,2.9,187
2025-08-10T09:30,2025/08/10,09:30,15.6,15.1,77,Mainly clear,0.0,22,7.5,215
2025-08-10T10:30,2025/08/10,10:30,16.9,15.7,71,Mainly clear,0.0,19,12.7,225
2025-08-10T11:30,2025/08/10,11:30,17.3,15.9,67,Partly cloudy,0.0,42,16.3,223
2025-08-10T12:30,2025/08/10,12:30,17.5,15.9,66,Partly cloudy,0.0,62,18.1,221
2025-08-10T14:00,2025/08/10,14:00,17.6,16.3,65,Partly cloudy,0.0,56,17.7,218
2025-08-10T14:30,2025/08/10,14:30,18.0,16.5,65,Partly cloudy,0.0,54,18.7,220
2025-08-10T15:30,2025/08/10,15:30,18.0,16.4,66,Partly cloudy,0.0,52,16.6,221
2025-08-10T16:30,2025/08/10,16:30,18.0,16.5,66,Overcast,0.0,87,13.6,220
2025-08-10T17:30,2025/08/10,17:30,17.9,16.9,65,Overcast,0.0,83,9.2,222
2025-08-10T18:30,2025/08/10,18:30,17.6,17.3,68,Overcast,0.0,97,5.7,215
2025-08-10T19:45,2025/08/10,19:45,17.1,17.1,74,Overcast,0.0,96,5.4,184
2025-08-10T20:30,2025/08/10,20:30,16.8,16.9,77,Partly cloudy,0.0,68,5.5,191
2025-08-10T21:30,2025/08/10,21:30,15.8,15.9,80,Overcast,0.0,97,4.1,165
2025-08-10T22:30,2025/08/10,22:30,15.4,15.5,81,Overcast,0.0,95,4.4,145
2025-08-10T23:30,2025/08/10,23:30,15.1,15.2,84,Partly cloudy,0.0,70,4.2,160
2025-08-11T00:30,2025/08/11,00:30,14.9,15.0,86,Overcast,0.0,81,4.6,162
2025-08-11T03:30,2025/08/11,03:30,15.0,15.0,91,Overcast,0.0,100,7.6,180
2025-08-11T05:15,2025/08/11,05:15,15.3,15.6,92,Overcast,0.0,100,6.8,177
2025-08-11T05:45,2025/08/11,05:45,15.6,16.1,92,Overcast,0.0,100,6.5,180
2025-08-11T06:45,2025/08/11,06:45,15.8,16.3,92,Overcast,0.0,100,6.9,174
2025-08-11T07:45,2025/08/11,07:45,16.2,16.8,93,Overcast,0.0,100,7.2,174
2025-08-11T08:30,2025/08/11,08:30,16.7,17.5,95,Overcast,0.0,100,8.3,180
2025-08-11T09:45,2025/08/11,09:45,17.3,17.7,93,Overcast,0.0,100,11.7,189
2025-08-11T10:30,2025/08/11,10:30,17.6,18.0,92,Overcast,0.0,100,12.5,192
2025-08-11T11:45,2025/08/11,11:45,18.8,19.5,87,Overcast,0.0,100,11.3,202
2025-08-11T12:30,2025/08/11,12:30,19.2,19.9,85,Overcast,0.0,100,10.8,201
2025-08-11T14:00,2025/08/11,14:00,19.7,20.7,83,Overcast,0.0,98,9.2,211
2025-08-11T14:45,2025/08/11,14:45,20.7,22.5,79,Overcast,0.0,100,4.6,219
2025-08-11T15:30,2025/08/11,15:30,21.0,23.1,78,Overcast,0.0,100,2.3,219
2025-08-11T16:30,2025/08/11,16:30,21.2,23.6,76,Overcast,0.0,100,0.5,315
2025-08-11T17:45,2025/08/11,17:45,21.5,23.5,72,Overcast,0.0,100,1.0,315
2025-08-11T18:30,2025/08/11,18:30,21.5,23.5,72,Overcast,0.0,100,1.1,18
2025-08-11T19:45,2025/08/11,19:45,20.9,22.9,78,Overcast,0.0,100,2.3,39
2025-08-11T20:30,2025/08/11,20:30,19.5,21.9,87,Slight rain,0.0,100,1.5,45
2025-08-11T21:30,2025/08/11,21:30,18.5,20.5,91,Slight rain showers,0.0,100,3.6,45
2025-08-11T22:30,2025/08/11,22:30,17.6,19.1,93,Overcast,0.0,100,5.6,45
2025-08-11T23:30,2025/08/11,23:30,17.6,18.9,92,Overcast,0.0,88,6.1,45
2025-08-12T00:30,2025/08/12,00:30,17.4,18.7,93,Overcast,0.0,85,5.6,50
2025-08-12T03:15,2025/08/12,03:15,16.9,17.9,92,Mainly clear,0.0,35,5.6,45
2025-08-12T04:30,2025/08/12,04:30,16.1,16.9,92,Mainly clear,0.0,31,6.0,57
2025-08-12T05:45,2025/08/12,05:45,16.2,17.1,94,Partly cloudy,0.0,45,6.0,57
2025-08-12T06:30,2025/08/12,06:30,16.0,16.9,94,Mainly clear,0.0,7,5.8,60
2025-08-12T07:45,2025/08/12,07:45,17.5,18.8,91,Overcast,0.0,100,5.0,60
2025-08-12T08:30,2025/08/12,08:30,19.3,21.4,87,Overcast,0.0,100,3.1,54
2025-08-12T09:45,2025/08/12,09:45,21.4,23.7,76,Overcast,0.0,100,1.1,108
2025-08-12T10:30,2025/08/12,10:30,22.2,24.5,73,Overcast,0.0,100,2.2,171
2025-08-12T11:30,2025/08/12,11:30,22.9,25.0,73,Overcast,0.0,100,4.3,185
2025-08-12T12:30,2025/08/12,12:30,23.5,26.1,72,Overcast,0.0,100,5.5,191
2025-08-12T14:00,2025/08/12,14:00,24.8,28.0,66,Partly cloudy,0.0,50,5.9,166
2025-08-12T14:45,2025/08/12,14:45,25.1,27.8,64,Mainly clear,0.0,14,7.7,152
2025-08-12T15:30,2025/08/12,15:30,25.4,27.5,63,Partly cloudy,0.0,67,8.7,156
2025-08-12T16:30,2025/08/12,16:30,25.4,26.9,63,Mainly clear,0.0,47,8.7,156
2025-08-12T17:45,2025/08/12,17:45,26.0,27.1,57,Partly cloudy,0.0,66,8.3,146
2025-08-12T18:30,2025/08/12,18:30,25.8,27.3,58,Mainly clear,0.0,30,5.9,128
2025-08-12T19:45,2025/08/12,19:45,24.6,26.7,64,Clear sky,0.0,0,3.8,73
2025-08-12T20:30,2025/08/12,20:30,22.9,23.8,64,Clear sky,0.0,0,7.4,133
2025-08-12T21:30,2025/08/12,21:30,21.0,22.0,69,Partly cloudy,0.0,28,4.6,72
2025-08-12T22:30,2025/08/12,22:30,19.2,20.0,78,Mainly clear,0.0,21,6.4,52
2025-08-12T23:30,2025/08/12,23:30,18.8,19.8,80,Overcast,0.0,100,5.4,48
2025-08-13T00:30,2025/08/13,00:30,18.1,19.0,83,Overcast,0.0,100,6.4,43
2025-08-13T03:15,2025/08/13,03:15,16.7,17.2,85,Mainly clear,0.0,11,6.2,54
2025-08-13T04:30,2025/08/13,04:30,16.2,16.5,87,Clear sky,0.0,11,7.2,53
2025-08-13T05:45,2025/08/13,05:45,15.6,15.6,86,Clear sky,0.0,0,7.9,51
2025-08-13T06:30,2025/08/13,06:30,16.4,16.4,83,Mainly clear,0.0,21,7.4,51
2025-08-13T07:45,2025/08/13,07:45,19.0,20.2,79,Clear sky,0.0,0,4.0,63
2025-08-13T08:30,2025/08/13,08:30,21.1,23.1,74,Clear sky,0.0,0,1.4,90
2025-08-13T09:45,2025/08/13,09:45,23.9,25.1,61,Clear sky,0.0,0,5.8,176
2025-08-13T10:30,2025/08/13,10:30,24.6,25.8,60,Clear sky,0.0,0,8.0,185
2025-08-13T11:30,2025/08/13,11:30,24.6,26.6,62,Clear sky,0.0,0,8.3,198
2025-08-13T12:30,2025/08/13,12:30,25.1,27.8,63,Clear sky,0.0,0,7.8,214
2025-08-13T14:00,2025/08/13,14:00,25.4,27.3,64,Partly cloudy,0.0,78,9.2,239
2025-08-13T14:45,2025/08/13,14:45,25.5,27.8,63,Partly cloudy,0.0,46,9.6,250
2025-08-13T15:30,2025/08/13,15:30,25.7,27.6,63,Partly cloudy,0.0,48,10.0,244
2025-08-13T16:30,2025/08/13,16:30,25.4,26.6,63,Partly cloudy,0.0,57,11.3,233
2025-08-13T17:30,2025/08/13,17:30,24.2,24.8,63,Clear sky,0.0,7,12.0,229
2025-08-13T18:30,2025/08/13,18:30,23.0,23.5,66,Clear sky,0.0,0,11.5,226
2025-08-13T19:45,2025/08/13,19:45,20.9,21.1,73,Clear sky,0.0,0,12.1,217
2025-08-13T20:30,2025/08/13,20:30,19.4,19.6,77,Mainly clear,0.0,17,11.1,205
2025-08-13T21:30,2025/08/13,21:30,17.8,18.0,81,Mainly clear,0.0,10,8.0,172
2025-08-13T22:30,2025/08/13,22:30,16.8,17.2,84,Mainly clear,0.0,15,6.3,149
2025-08-13T23:30,2025/08/13,23:30,16.1,16.7,89,Clear sky,0.0,0,5.3,152
2025-08-14T00:30,2025/08/14,00:30,15.6,16.3,94,Clear sky,0.0,0,5.4,160
2025-08-14T03:15,2025/08/14,03:15,16.2,17.4,95,Overcast,0.0,78,4.6,198
2025-08-14T04:30,2025/08/14,04:30,16.6,17.6,95,Overcast,0.0,88,6.8,212
2025-08-14T05:45,2025/08/14,05:45,16.8,17.4,93,Overcast,0.0,95,9.3,216
2025-08-14T06:30,2025/08/14,06:30,16.9,17.5,93,Overcast,0.0,100,9.5,217
2025-08-14T07:45,2025/08/14,07:45,17.5,17.9,90,Overcast,0.0,89,10.5,229
2025-08-14T08:30,2025/08/14,08:30,18.1,18.4,87,Overcast,0.0,98,12.3,232
2025-08-14T09:45,2025/08/14,09:45,18.7,18.5,86,Overcast,0.0,95,16.4,237
2025-08-14T10:30,2025/08/14,10:30,19.2,18.9,83,Overcast,0.0,86,17.3,239
2025-08-14T11:30,2025/08/14,11:30,20.1,19.8,77,Overcast,0.0,84,16.7,245
2025-08-14T12:30,2025/08/14,12:30,20.9,20.4,73,Overcast,0.0,89,16.6,240
2025-08-14T14:00,2025/08/14,14:00,21.5,21.4,72,Partly cloudy,0.0,62,17.7,231
2025-08-14T14:45,2025/08/14,14:45,21.4,21.1,74,Partly cloudy,0.0,65,17.7,231
2025-08-14T15:30,2025/08/14,15:30,21.5,21.5,74,Partly cloudy,0.0,49,16.9,230
2025-08-14T16:30,2025/08/14,16:30,21.5,21.5,73,Partly cloudy,0.0,45,15.9,231
2025-08-14T17:45,2025/08/14,17:45,21.2,21.1,74,Mainly clear,0.0,37,15.8,227
2025-08-14T18:30,2025/08/14,18:30,20.6,20.8,78,Mainly clear,0.0,29,14.8,223
2025-08-14T19:45,2025/08/14,19:45,19.3,19.8,84,Mainly clear,0.0,36,12.0,213
2025-08-14T20:30,2025/08/14,20:30,18.1,19.2,90,Partly cloudy,0.0,42,8.6,195
2025-08-14T21:30,2025/08/14,21:30,17.1,18.3,94,Partly cloudy,0.0,54,6.8,155
2025-08-14T22:30,2025/08/14,22:30,16.8,18.0,95,Partly cloudy,0.0,59,5.4,143
2025-08-14T23:30,2025/08/14,23:30,16.5,18.1,97,Fog,0.0,75,3.4,148
2025-08-15T03:15,2025/08/15,03:15,15.6,16.9,99,Fog,0.0,71,3.1,126
2025-08-15T04:30,2025/08/15,04:30,15.2,16.6,100,Fog,0.0,70,3.0,104
2025-08-15T05:45,2025/08/15,05:45,14.9,16.2,99,Fog,0.0,72,2.2,81
2025-08-15T06:30,2025/08/15,06:30,14.9,16.2,99,Fog,0.0,75,2.2,81
2025-08-15T07:45,2025/08/15,07:45,15.9,17.4,96,Fog,0.0,78,2.6,164
2025-08-15T08:30,2025/08/15,08:30,16.5,17.8,91,Fog,0.0,80,3.1,201
2025-08-15T09:30,2025/08/15,09:30,17.8,19.0,84,Partly cloudy,0.0,76,3.7,209
2025-08-15T10:30,2025/08/15,10:30,19.0,20.2,79,Mainly clear,0.0,64,4.7,212
2025-08-15T11:30,2025/08/15,11:30,19.4,20.9,76,Partly cloudy,0.0,63,4.3,222
2025-08-15T12:30,2025/08/15,12:30,20.8,23.0,69,Partly cloudy,0.0,57,3.1,234
2025-08-15T14:00,2025/08/15,14:00,22.5,24.7,60,Partly cloudy,0.0,42,1.9,248
2025-08-15T14:30,2025/08/15,14:30,23.1,24.8,61,Partly cloudy,0.0,9,4.9,216
2025-08-15T15:30,2025/08/15,15:30,23.5,24.4,59,Partly cloudy,0.0,79,6.0,205
2025-08-15T16:30,2025/08/15,16:30,23.0,23.3,63,Partly cloudy,0.0,88,10.7,192
2025-08-15T17:30,2025/08/15,17:30,22.5,22.9,64,Partly cloudy,0.0,93,8.9,166
2025-08-15T18:30,2025/08/15,18:30,21.1,21.5,70,Partly cloudy,0.0,48,10.4,166
2025-08-15T19:45,2025/08/15,19:45,19.6,20.5,77,Mainly clear,0.0,11,6.3,156
2025-08-15T20:30,2025/08/15,20:30,18.5,19.8,82,Mainly clear,0.0,35,4.2,149
2025-08-15T21:30,2025/08/15,21:30,17.5,18.9,88,Partly cloudy,0.0,74,2.9,90
2025-08-15T22:30,2025/08/15,22:30,16.8,18.0,91,Partly cloudy,0.0,57,3.9,68
2025-08-15T23:30,2025/08/15,23:30,16.5,17.6,91,Partly cloudy,0.0,66,4.7,58
2025-08-16T00:30,2025/08/16,00:30,16.5,17.3,88,Partly cloudy,0.0,78,5.0,60
2025-08-16T03:15,2025/08/16,03:15,15.3,15.7,88,Partly cloudy,0.0,70,4.7,58
2025-08-16T04:30,2025/08/16,04:30,14.9,15.4,90,Partly cloudy,0.0,77,4.1,52
2025-08-16T05:30,2025/08/16,05:30,14.9,15.2,90,Partly cloudy,0.0,70,4.8,48
2025-08-16T06:30,2025/08/16,06:30,14.9,15.2,90,Partly cloudy,0.0,68,4.8,48
2025-08-16T07:45,2025/08/16,07:45,16.4,16.8,83,Partly cloudy,0.0,70,4.3,48
2025-08-16T08:30,2025/08/16,08:30,17.0,17.2,80,Partly cloudy,0.0,62,6.2,69
2025-08-16T09:30,2025/08/16,09:30,18.0,18.1,76,Partly cloudy,0.0,76,7.6,82
2025-08-16T10:30,2025/08/16,10:30,19.1,19.5,73,Partly cloudy,0.0,55,7.2,90
2025-08-16T11:30,2025/08/16,11:30,20.1,20.9,71,Overcast,0.0,83,7.6,95
2025-08-16T12:30,2025/08/16,12:30,21.0,21.9,67,Partly cloudy,0.0,80,8.0,95
2025-08-16T14:00,2025/08/16,14:00,21.9,22.2,63,Partly cloudy,0.0,77,9.0,90
2025-08-16T14:30,2025/08/16,14:30,21.8,22.2,63,Partly cloudy,0.0,70,7.6,93
2025-08-16T15:30,2025/08/16,15:30,22.1,22.6,61,Partly cloudy,0.0,59,7.6,93
2025-08-16T16:30,2025/08/16,16:30,22.3,22.4,59,Partly cloudy,0.0,53,8.0,95
2025-08-16T17:30,2025/08/16,17:30,21.7,21.4,59,Partly cloudy,0.0,72,9.1,97
2025-08-16T18:30,2025/08/16,18:30,21.2,20.8,59,Partly cloudy,0.0,51,9.1,97
2025-08-16T19:30,2025/08/16,19:30,20.4,20.3,63,Partly cloudy,0.0,79,6.9,99
2025-08-16T20:30,2025/08/16,20:30,18.6,18.9,69,Mainly clear,0.0,3,4.7,94
2025-08-16T21:30,2025/08/16,21:30,16.9,17.0,76,Clear sky,0.0,0,4.6,72
2025-08-16T22:30,2025/08/16,22:30,15.2,15.2,84,Clear sky,0.0,0,5.3,62
2025-08-16T23:30,2025/08/16,23:30,14.0,13.9,89,Clear sky,0.0,0,5.7,55
2025-08-17T00:30,2025/08/17,00:30,13.4,13.0,89,Clear sky,0.0,0,5.5,58
2025-08-17T03:30,2025/08/17,03:30,11.8,11.1,90,Clear sky,0.0,0,4.9,54
2025-08-17T05:00,2025/08/17,05:00,11.6,10.8,89,Clear sky,0.0,0,4.9,54
2025-08-17T05:45,2025/08/17,05:45,11.5,10.9,91,Clear sky,0.0,0,4.4,55
2025-08-17T06:30,2025/08/17,06:30,11.9,11.3,90,Clear sky,0.0,0,4.1,52
2025-08-17T07:45,2025/08/17,07:45,14.1,14.3,86,Clear sky,0.0,0,2.1,59
2025-08-17T08:30,2025/08/17,08:30,15.4,15.7,79,Clear sky,0.0,0,1.0,45
2025-08-17T09:30,2025/08/17,09:30,17.3,17.5,69,Clear sky,0.0,0,2.1,59
2025-08-17T10:30,2025/08/17,10:30,18.9,18.9,65,Clear sky,0.0,0,5.4,70
2025-08-17T11:30,2025/08/17,11:30,20.3,20.9,63,Clear sky,0.0,0,7.0,78
2025-08-17T12:30,2025/08/17,12:30,21.2,22.5,64,Clear sky,0.0,0,7.6,93
2025-08-17T14:00,2025/08/17,14:00,22.2,23.5,65,Mainly clear,0.0,0,10.2,98
2025-08-17T14:30,2025/08/17,14:30,23.4,24.7,62,Mainly clear,0.0,0,10.6,100
2025-08-17T15:30,2025/08/17,15:30,23.8,24.5,60,Mainly clear,0.0,0,11.0,101
2025-08-17T16:30,2025/08/17,16:30,23.9,23.9,59,Clear sky,0.0,0,11.9,95
2025-08-17T17:30,2025/08/17,17:30,23.0,22.7,60,Clear sky,0.0,0,13.3,87
2025-08-17T18:30,2025/08/17,18:30,22.0,21.5,62,Clear sky,0.0,0,13.4,82
2025-08-17T19:45,2025/08/17,19:45,20.2,20.1,66,Clear sky,0.0,0,9.5,79
2025-08-17T20:30,2025/08/17,20:30,19.2,19.2,68,Clear sky,0.0,0,7.2,72
2025-08-17T21:30,2025/08/17,21:30,17.4,17.5,75,Clear sky,0.0,0,5.0,60
2025-08-17T22:30,2025/08/17,22:30,15.9,15.9,80,Clear sky,0.0,0,4.8,48
2025-08-17T23:30,2025/08/17,23:30,14.9,14.7,81,Clear sky,0.0,0,5.1,51
2025-08-18T00:30,2025/08/18,00:30,14.2,14.0,83,Clear sky,0.0,1,4.6,45
2025-08-18T03:30,2025/08/18,03:30,12.6,12.3,90,Clear sky,0.0,11,4.4,35
2025-08-18T05:00,2025/08/18,05:00,12.3,12.0,92,Mainly clear,0.0,47,4.5,29
2025-08-18T05:45,2025/08/18,05:45,12.4,12.3,93,Mainly clear,0.0,22,4.2,31
2025-08-18T06:30,2025/08/18,06:30,12.8,12.7,93,Mainly clear,0.0,30,4.5,29
2025-08-18T07:45,2025/08/18,07:45,15.1,15.2,86,Mainly clear,0.0,27,4.7,23
2025-08-18T08:30,2025/08/18,08:30,16.1,16.2,81,Mainly clear,0.0,39,6.1,40
2025-08-18T09:45,2025/08/18,09:45,17.5,17.4,76,Partly cloudy,0.0,51,7.6,59
2025-08-18T10:30,2025/08/18,10:30,18.2,18.1,74,Partly cloudy,0.0,56,8.1,69
2025-08-18T11:45,2025/08/18,11:45,19.4,19.7,72,Partly cloudy,0.0,59,10.0,75
2025-08-18T12:30,2025/08/18,12:30,20.1,20.5,69,Partly cloudy,0.0,53,11.5,76
2025-08-18T14:00,2025/08/18,14:00,21.2,21.4,63,Mainly clear,0.0,45,13.4,76
2025-08-18T14:45,2025/08/18,14:45,21.2,21.0,65,Partly cloudy,0.0,53,15.3,81
2025-08-18T15:30,2025/08/18,15:30,21.1,20.6,65,Partly cloudy,0.0,51,14.9,83
2025-08-18T16:30,2025/08/18,16:30,20.8,20.1,66,Partly cloudy,0.0,48,14.1,84
2025-08-18T17:45,2025/08/18,17:45,19.8,19.0,67,Partly cloudy,0.0,77,13.0,76
2025-08-18T18:30,2025/08/18,18:30,19.1,18.4,68,Partly cloudy,0.0,59,12.1,73
2025-08-18T19:45,2025/08/18,19:45,18.0,17.5,71,Partly cloudy,0.0,60,9.4,72
2025-08-18T20:30,2025/08/18,20:30,17.2,16.8,74,Partly cloudy,0.0,61,8.4,59
2025-08-18T21:30,2025/08/18,21:30,16.5,16.3,78,Partly cloudy,0.0,53,6.6,41
2025-08-18T22:30,2025/08/18,22:30,15.9,15.7,80,Partly cloudy,0.0,52,7.3,33
2025-08-18T23:30,2025/08/18,23:30,15.2,14.7,80,Overcast,0.0,100,7.4,29
2025-08-19T00:30,2025/08/19,00:30,14.9,14.6,82,Overcast,0.0,100,6.2,10
2025-08-19T03:15,2025/08/19,03:15,14.1,13.3,82,Overcast,0.0,100,7.7,11
2025-08-19T04:15,2025/08/19,04:15,14.1,13.4,82,Overcast,0.0,100,7.3,20
2025-08-19T04:45,2025/08/19,04:45,14.2,13.6,82,Overcast,0.0,100,6.4,27
2025-08-19T05:30,2025/08/19,05:30,14.1,13.2,81,Overcast,0.0,100,7.9,30
2025-08-19T06:30,2025/08/19,06:30,14.1,13.3,81,Overcast,0.0,97,7.6,25
2025-08-19T07:45,2025/08/19,07:45,14.7,13.5,80,Overcast,0.0,100,10.7,40
2025-08-19T08:30,2025/08/19,08:30,15.1,13.9,80,Overcast,0.0,97,11.2,45
2025-08-19T09:30,2025/08/19,09:30,15.8,14.4,78,Overcast,0.0,100,13.0,51
2025-08-19T10:30,2025/08/19,10:30,16.8,15.1,72,Overcast,0.0,98,15.1,50
2025-08-19T11:30,2025/08/19,11:30,17.5,15.6,69,Overcast,0.0,100,16.4,50
2025-08-19T12:30,2025/08/19,12:30,18.0,16.2,67,Overcast,0.0,100,16.8,48
2025-08-19T14:00,2025/08/19,14:00,18.0,16.4,71,Overcast,0.0,100,16.8,48
2025-08-19T14:30,2025/08/19,14:30,17.8,16.0,71,Overcast,0.0,100,16.9,50
2025-08-19T15:30,2025/08/19,15:30,17.9,16.2,71,Overcast,0.0,100,16.8,48
2025-08-19T16:30,2025/08/19,16:30,18.0,16.0,69,Overcast,0.0,100,18.4,48
2025-08-19T17:30,2025/08/19,17:30,18.0,16.3,70,Overcast,0.0,99,16.3,43
2025-08-19T18:30,2025/08/19,18:30,17.1,15.2,69,Overcast,0.0,100,16.5,46
2025-08-19T19:45,2025/08/19,19:45,15.9,13.9,71,Overcast,0.0,100,15.3,43
2025-08-19T20:30,2025/08/19,20:30,15.2,13.7,74,Overcast,0.0,100,12.0,39
2025-08-19T21:30,2025/08/19,21:30,14.6,13.2,77,Overcast,0.0,100,10.2,32
2025-08-19T22:30,2025/08/19,22:30,14.2,12.9,80,Overcast,0.0,100,10.7,33
2025-08-19T23:30,2025/08/19,23:30,14.3,12.8,79,Overcast,0.0,100,12.1,37
2025-08-20T00:30,2025/08/20,00:30,14.1,12.5,78,Overcast,0.0,99,11.4,35
2025-08-20T03:15,2025/08/20,03:15,12.7,10.3,74,Partly cloudy,0.0,64,13.0,34
2025-08-20T04:15,2025/08/20,04:15,11.7,9.3,74,Partly cloudy,0.0,52,11.3,22
2025-08-20T04:45,2025/08/20,04:45,11.4,9.2,76,Partly cloudy,0.0,52,10.1,17
2025-08-20T05:30,2025/08/20,05:30,11.4,9.4,77,Partly cloudy,0.0,69,9.9,19
2025-08-20T06:30,2025/08/20,06:30,11.2,9.3,78,Mainly clear,0.0,40,8.9,21
2025-08-20T07:45,2025/08/20,07:45,12.1,10.1,76,Mainly clear,0.0,33,10.0,13
2025-08-20T08:30,2025/08/20,08:30,13.1,10.7,73,Partly cloudy,0.0,41,12.9,23
2025-08-20T09:30,2025/08/20,09:30,14.2,11.5,69,Mainly clear,0.0,21,15.8,27
2025-08-20T10:30,2025/08/20,10:30,15.2,12.5,65,Partly cloudy,0.0,46,16.6,34
2025-08-20T11:30,2025/08/20,11:30,16.2,13.8,63,Partly cloudy,0.0,63,16.6,41
2025-08-20T12:30,2025/08/20,12:30,17.0,15.0,61,Overcast,0.0,84,15.8,43
2025-08-20T14:00,2025/08/20,14:00,17.8,16.2,59,Partly cloudy,0.0,76,14.3,39
2025-08-20T14:45,2025/08/20,14:45,17.6,15.8,58,Partly cloudy,0.0,71,14.3,39
2025-08-20T15:30,2025/08/20,15:30,17.7,15.5,57,Partly cloudy,0.0,69,14.3,39
2025-08-20T16:30,2025/08/20,16:30,17.5,15.1,57,Partly cloudy,0.0,48,14.6,40
2025-08-20T17:30,2025/08/20,17:30,17.0,14.7,59,Partly cloudy,0.0,64,13.5,42
2025-08-20T18:30,2025/08/20,18:30,16.2,14.0,60,Partly cloudy,0.0,61,12.2,43
2025-08-20T19:45,2025/08/20,19:45,14.5,12.8,67,Partly cloudy,0.0,45,8.7,45
2025-08-20T20:30,2025/08/20,20:30,13.3,11.8,72,Mainly clear,0.0,23,7.1,45
2025-08-20T21:30,2025/08/20,21:30,11.6,10.4,78,Mainly clear,0.0,46,4.8,48
2025-08-20T22:30,2025/08/20,22:30,10.6,9.4,82,Mainly clear,0.0,8,3.6,53
2025-08-20T23:30,2025/08/20,23:30,9.5,8.0,83,Clear sky,0.0,0,4.4,55
2025-08-21T00:30,2025/08/21,00:30,8.6,7.0,87,Mainly clear,0.0,30,5.1,51
2025-08-21T03:00,2025/08/21,03:00,6.7,4.8,93,Mainly clear,0.0,6,5.4,42
2025-08-21T04:15,2025/08/21,04:15,6.2,4.3,94,Mainly clear,0.0,18,5.4,48
2025-08-21T04:45,2025/08/21,04:45,6.2,4.3,94,Mainly clear,0.0,18,4.9,54
2025-08-21T05:30,2025/08/21,05:30,7.2,5.6,93,Partly cloudy,0.0,48,4.8,48
2025-08-21T06:30,2025/08/21,06:30,7.2,5.5,93,Mainly clear,0.0,17,5.1,51
2025-08-21T07:45,2025/08/21,07:45,9.2,8.2,91,Mainly clear,0.0,35,3.6,53
2025-08-21T08:30,2025/08/21,08:30,11.6,10.7,81,Overcast,0.0,100,3.3,49
2025-08-21T09:30,2025/08/21,09:30,13.4,12.6,72,Overcast,0.0,100,3.3,41
2025-08-21T10:30,2025/08/21,10:30,14.6,13.7,69,Overcast,0.0,100,3.9,22
2025-08-21T11:30,2025/08/21,11:30,15.4,14.4,66,Overcast,0.0,100,5.4,352
2025-08-21T12:30,2025/08/21,12:30,16.1,15.1,64,Overcast,0.0,100,5.8,353
2025-08-21T14:00,2025/08/21,14:00,17.0,16.3,62,Overcast,0.0,78,4.3,336
2025-08-21T14:30,2025/08/21,14:30,17.2,16.6,62,Overcast,0.0,100,3.9,338
2025-08-21T15:30,2025/08/21,15:30,17.3,16.8,63,Overcast,0.0,89,4.2,290
2025-08-21T16:30,2025/08/21,16:30,17.0,16.3,65,Overcast,0.0,100,5.9,259
2025-08-21T17:30,2025/08/21,17:30,16.5,15.7,69,Overcast,0.0,100,6.6,257
2025-08-21T18:30,2025/08/21,18:30,16.4,15.7,71,Overcast,0.0,89,6.4,243
2025-08-21T19:30,2025/08/21,19:30,15.9,15.4,74,Partly cloudy,0.0,77,6.7,234
2025-08-21T20:30,2025/08/21,20:30,15.1,14.7,74,Overcast,0.0,89,4.6,231
2025-08-21T21:30,2025/08/21,21:30,14.4,14.1,78,Overcast,0.0,92,2.9,210
2025-08-21T22:30,2025/08/21,22:30,13.6,13.4,81,Overcast,0.0,81,2.9,173
2025-08-21T23:30,2025/08/21,23:30,12.9,12.5,84,Partly cloudy,0.0,80,3.1,135
2025-08-22T00:30,2025/08/22,00:30,11.9,11.4,87,Partly cloudy,0.0,58,3.7,101
2025-08-22T03:15,2025/08/22,03:15,10.4,9.5,90,Partly cloudy,0.0,69,3.6,84
2025-08-22T04:15,2025/08/22,04:15,10.4,9.5,91,Overcast,0.0,93,3.6,90
2025-08-22T04:45,2025/08/22,04:45,10.6,9.7,90,Overcast,0.0,93,3.7,101
2025-08-22T05:30,2025/08/22,05:30,10.6,10.0,92,Overcast,0.0,91,3.4,108
2025-08-22T06:30,2025/08/22,06:30,11.2,10.8,92,Overcast,0.0,91,3.1,111
2025-08-22T07:45,2025/08/22,07:45,12.7,12.7,90,Overcast,0.0,84,2.6,146
2025-08-22T08:30,2025/08/22,08:30,13.9,13.8,85,Overcast,0.0,92,3.4,212
2025-08-22T09:30,2025/08/22,09:30,15.0,14.7,81,Overcast,0.0,96,5.5,238
2025-08-22T10:30,2025/08/22,10:30,16.1,15.1,74,Overcast,0.0,84,10.1,270
2025-08-22T11:30,2025/08/22,11:30,17.2,15.8,67,Partly cloudy,0.0,79,13.1,286
2025-08-22T12:30,2025/08/22,12:30,17.8,16.6,62,Partly cloudy,0.0,70,12.4,292
2025-08-22T14:00,2025/08/22,14:00,18.4,17.1,58,Partly cloudy,0.0,71,12.1,300
2025-08-22T14:30,2025/08/22,14:30,18.0,16.8,62,Partly cloudy,0.0,58,13.5,295
2025-08-22T15:30,2025/08/22,15:30,18.0,16.3,63,Overcast,0.0,80,13.2,299
2025-08-22T16:30,2025/08/22,16:30,17.8,16.2,63,Overcast,0.0,95,12.1,307
2025-08-22T17:30,2025/08/22,17:30,18.0,16.8,62,Overcast,0.0,98,9.9,314
2025-08-22T18:30,2025/08/22,18:30,17.6,16.7,65,Overcast,0.0,93,8.3,304
2025-08-22T19:45,2025/08/22,19:45,16.9,16.3,69,Overcast,0.0,94,6.5,289
2025-08-22T20:30,2025/08/22,20:30,16.2,15.9,76,Overcast,0.0,96,6.9,276
2025-08-22T21:30,2025/08/22,21:30,15.6,15.8,81,Overcast,0.0,100,3.6,270
2025-08-22T22:30,2025/08/22,22:30,15.2,15.8,84,Overcast,0.0,99,1.1,252
2025-08-22T23:30,2025/08/22,23:30,14.6,15.1,87,Overcast,0.0,99,1.9,158
2025-08-23T00:30,2025/08/23,00:30,14.4,14.8,89,Overcast,0.0,100,2.6,106
2025-08-23T03:00,2025/08/23,03:00,13.6,13.8,93,Overcast,0.0,100,3.3,103
2025-08-23T04:00,2025/08/23,04:00,13.4,13.7,93,Overcast,0.0,100,3.0,76
2025-08-23T04:45,2025/08/23,04:45,13.2,13.5,94,Overcast,0.0,100,3.3,77
2025-08-23T05:30,2025/08/23,05:30,12.3,12.2,96,Fog,0.0,100,4.0,63
2025-08-23T06:30,2025/08/23,06:30,12.4,12.4,96,Fog,0.0,100,4.0,63
2025-08-23T07:30,2025/08/23,07:30,13.3,13.7,95,Fog,0.0,100,2.7,67
2025-08-23T08:30,2025/08/23,08:30,14.7,15.5,91,Overcast,0.0,99,1.8,79
2025-08-23T09:30,2025/08/23,09:30,16.0,16.7,85,Overcast,0.0,83,2.5,135
2025-08-23T10:30,2025/08/23,10:30,17.0,17.5,80,Partly cloudy,0.0,75,3.7,151
2025-08-23T11:30,2025/08/23,11:30,17.2,17.9,80,Overcast,0.0,86,3.9,202
2025-08-23T12:30,2025/08/23,12:30,17.9,18.4,76,Overcast,0.0,91,4.3,228
2025-08-23T13:45,2025/08/23,13:45,18.6,19.2,73,Overcast,0.0,88,4.3,222
2025-08-23T14:30,2025/08/23,14:30,19.2,19.5,70,Overcast,0.0,92,6.2,234
2025-08-23T15:30,2025/08/23,15:30,19.4,19.6,69,Overcast,0.0,97,6.8,238
2025-08-23T16:30,2025/08/23,16:30,19.4,19.9,69,Overcast,0.0,96,4.7,238
2025-08-23T17:30,2025/08/23,17:30,19.2,19.8,71,Overcast,0.0,93,4.3,228
2025-08-23T18:30,2025/08/23,18:30,19.1,19.9,71,Partly cloudy,0.0,77,2.7,203
2025-08-23T19:30,2025/08/23,19:30,18.8,19.8,73,Partly cloudy,0.0,74,1.1,162
2025-08-23T20:30,2025/08/23,20:30,17.5,18.5,80,Partly cloudy,0.0,73,1.8,143
2025-08-23T21:30,2025/08/23,21:30,16.1,16.9,84,Mainly clear,0.0,43,2.5,90
2025-08-23T22:30,2025/08/23,22:30,14.9,15.3,89,Partly cloudy,0.0,68,4.3,66
2025-08-23T23:30,2025/08/23,23:30,14.7,15.2,92,Partly cloudy,0.0,68,4.3,66
2025-08-24T00:30,2025/08/24,00:30,14.1,14.4,94,Partly cloudy,0.0,59,4.7,58
2025-08-24T03:15,2025/08/24,03:15,12.6,12.2,93,Partly cloudy,0.0,63,5.4,53
2025-08-24T04:30,2025/08/24,04:30,12.1,11.6,93,Overcast,0.0,83,5.9,52
2025-08-24T05:30,2025/08/24,05:30,11.4,10.7,93,Overcast,0.0,91,6.2,54
2025-08-24T06:30,2025/08/24,06:30,11.6,11.0,93,Partly cloudy,0.0,52,5.5,58
2025-08-24T07:45,2025/08/24,07:45,13.4,13.3,91,Partly cloudy,0.0,45,4.7,58
2025-08-24T08:30,2025/08/24,08:30,15.8,16.3,85,Mainly clear,0.0,38,3.5,66
2025-08-24T09:30,2025/08/24,09:30,18.2,19.1,75,Partly cloudy,0.0,45,1.8,127
2025-08-24T10:30,2025/08/24,10:30,19.5,20.0,68,Partly cloudy,0.0,48,4.7,184
2025-08-24T11:30,2025/08/24,11:30,20.5,21.0,67,Partly cloudy,0.0,72,6.0,205
2025-08-24T12:30,2025/08/24,12:30,21.1,21.4,65,Overcast,0.0,93,7.4,219
2025-08-24T13:45,2025/08/24,13:45,21.8,22.2,61,Overcast,0.0,82,7.9,231
2025-08-24T14:30,2025/08/24,14:30,22.0,22.1,59,Overcast,0.0,90,8.4,223
2025-08-24T15:30,2025/08/24,15:30,22.2,22.0,56,Overcast,0.0,100,8.2,218
2025-08-24T16:30,2025/08/24,16:30,22.0,21.9,56,Overcast,0.0,100,7.4,219
2025-08-24T17:30,2025/08/24,17:30,22.0,21.9,55,Overcast,0.0,100,5.5,247
2025-08-24T18:30,2025/08/24,18:30,21.6,22.3,58,Overcast,0.0,95,2.2,279
2025-08-24T19:30,2025/08/24,19:30,20.6,21.5,65,Overcast,0.0,95,2.5,45
2025-08-24T20:30,2025/08/24,20:30,19.0,19.7,73,Overcast,0.0,92,4.3,66
2025-08-24T21:30,2025/08/24,21:30,17.0,17.5,81,Overcast,0.0,100,5.0,60
2025-08-24T22:30,2025/08/24,22:30,15.6,15.9,87,Overcast,0.0,100,5.4,53
2025-08-24T23:30,2025/08/24,23:30,15.1,15.4,89,Overcast,0.0,100,4.9,54
2025-08-25T00:30,2025/08/25,00:30,14.6,14.7,88,Overcast,0.0,100,4.8,63
2025-08-25T03:15,2025/08/25,03:15,13.5,13.2,87,Overcast,0.0,82,4.8,63
2025-08-25T04:30,2025/08/25,04:30,13.6,13.4,87,Partly cloudy,0.0,69,4.8,63
2025-08-25T05:45,2025/08/25,05:45,12.9,12.6,91,Partly cloudy,0.0,55,5.2,56
2025-08-25T06:30,2025/08/25,06:30,12.8,12.5,91,Mainly clear,0.0,49,5.2,56
2025-08-25T07:45,2025/08/25,07:45,14.4,14.7,88,Mainly clear,0.0,18,3.7,61
2025-08-25T08:30,2025/08/25,08:30,16.1,16.8,82,Mainly clear,0.0,12,1.5,104
2025-08-25T09:45,2025/08/25,09:45,18.6,18.9,73,Overcast,0.0,81,6.7,164
2025-08-25T10:30,2025/08/25,10:30,19.6,19.3,69,Overcast,0.0,100,10.7,166
2025-08-25T11:30,2025/08/25,11:30,20.5,19.7,64,Overcast,0.0,99,13.8,174
2025-08-25T12:30,2025/08/25,12:30,21.7,21.0,59,Overcast,0.0,98,16.0,172
2025-08-25T14:00,2025/08/25,14:00,23.1,22.3,53,Mainly clear,0.0,20,17.7,168
2025-08-25T14:30,2025/08/25,14:30,24.1,22.9,50,Mainly clear,0.0,26,19.5,176
2025-08-25T15:30,2025/08/25,15:30,24.8,23.0,48,Clear sky,0.0,0,21.0,187
2025-08-25T16:30,2025/08/25,16:30,25.0,23.0,47,Mainly clear,0.0,0,20.2,199
2025-08-25T17:30,2025/08/25,17:30,25.1,24.2,50,Clear sky,0.0,0,15.1,198
2025-08-25T18:30,2025/08/25,18:30,24.1,24.3,55,Partly cloudy,0.0,46,9.5,205
2025-08-25T19:45,2025/08/25,19:45,21.9,22.8,63,Partly cloudy,0.0,64,4.0,207
2025-08-25T20:30,2025/08/25,20:30,20.5,21.3,65,Partly cloudy,0.0,50,3.3,186
2025-08-25T21:30,2025/08/25,21:30,19.4,20.0,68,Mainly clear,0.0,37,2.5,180
2025-08-25T22:30,2025/08/25,22:30,19.0,19.9,70,Partly cloudy,0.0,65,1.1,162
2025-08-25T23:30,2025/08/25,23:30,18.0,18.6,72,Overcast,0.0,100,2.1,149
2025-08-26T00:30,2025/08/26,00:30,17.5,18.0,76,Overcast,0.0,100,2.9,97
2025-08-26T03:15,2025/08/26,03:15,16.2,16.0,80,Slight rain,0.2,100,7.9,196
2025-08-26T04:15,2025/08/26,04:15,15.6,15.8,88,Slight rain,0.9,100,6.3,156
2025-08-26T04:45,2025/08/26,04:45,15.4,15.6,91,Slight rain,0.4,100,7.2,162
2025-08-26T05:30,2025/08/26,05:30,15.4,15.4,93,Moderate rain showers,0.0,98,9.4,178
2025-08-26T06:30,2025/08/26,06:30,15.6,15.3,92,Slight rain showers,0.0,94,11.6,185
2025-08-26T07:45,2025/08/26,07:45,16.1,15.4,91,Overcast,0.0,80,15.5,208
2025-08-26T08:30,2025/08/26,08:30,16.6,15.7,87,Overcast,0.0,84,16.4,218
2025-08-26T09:45,2025/08/26,09:45,17.4,16.1,80,Partly cloudy,0.0,59,16.9,214
2025-08-26T10:30,2025/08/26,10:30,17.6,16.2,79,Partly cloudy,0.0,63,18.4,215
2025-08-26T11:30,2025/08/26,11:30,17.9,16.4,80,Overcast,0.0,89,20.2,220
2025-08-26T12:30,2025/08/26,12:30,18.1,16.4,76,Partly cloudy,0.0,90,20.0,219
2025-08-26T14:00,2025/08/26,14:00,17.5,15.9,81,Overcast,0.0,89,20.7,220
2025-08-26T14:45,2025/08/26,14:45,17.9,15.9,77,Overcast,0.0,89,22.4,228
2025-08-26T15:30,2025/08/26,15:30,18.1,16.1,74,Partly cloudy,0.0,66,21.9,229
2025-08-26T16:30,2025/08/26,16:30,18.1,16.1,70,Partly cloudy,0.0,64,19.4,227
2025-08-26T17:30,2025/08/26,17:30,18.2,16.1,66,Partly cloudy,0.0,42,18.6,227
2025-08-26T18:30,2025/08/26,18:30,17.7,15.8,69,Partly cloudy,0.0,21,17.1,221
2025-08-26T19:30,2025/08/26,19:30,16.7,15.5,76,Mainly clear,0.0,23,13.4,211
2025-08-26T20:30,2025/08/26,20:30,15.9,15.2,82,Partly cloudy,0.0,80,11.3,207
2025-08-26T21:30,2025/08/26,21:30,15.2,14.5,88,Overcast,0.0,82,12.3,195
2025-08-26T22:30,2025/08/26,22:30,15.1,14.2,92,Overcast,0.0,92,14.5,194
2025-08-26T23:30,2025/08/26,23:30,14.9,14.0,92,Overcast,0.0,93,14.8,193
2025-08-27T00:30,2025/08/27,00:30,14.8,13.8,92,Overcast,0.0,95,14.1,195
2025-08-27T03:00,2025/08/27,03:00,14.0,13.0,86,Overcast,0.0,86,10.4,178
2025-08-27T04:00,2025/08/27,04:00,13.6,12.8,85,Overcast,0.0,80,8.4,160
2025-08-27T04:45,2025/08/27,04:45,13.4,12.7,86,Overcast,0.0,80,7.0,145
2025-08-27T05:30,2025/08/27,05:30,13.2,12.5,85,Overcast,0.2,83,6.4,142
2025-08-27T06:30,2025/08/27,06:30,13.3,12.6,85,Slight rain showers,0.0,93,6.6,131
2025-08-27T08:30,2025/08/27,08:30,14.6,13.1,82,Mainly clear,0.0,23,13.8,139
2025-08-27T09:30,2025/08/27,09:30,15.9,13.9,78,Partly cloudy,0.0,55,17.9,146
2025-08-27T10:30,2025/08/27,10:30,16.6,14.4,75,Overcast,0.0,74,20.1,153
2025-08-27T11:30,2025/08/27,11:30,17.0,14.7,74,Overcast,0.0,100,21.0,167
2025-08-27T12:30,2025/08/27,12:30,16.9,14.9,78,Slight rain,0.0,100,19.7,171
2025-08-27T14:00,2025/08/27,14:00,17.0,15.2,83,Slight rain showers,0.0,91,21.3,154
2025-08-27T14:30,2025/08/27,14:30,17.6,15.9,80,Slight rain showers,0.0,82,21.3,182
2025-08-27T15:30,2025/08/27,15:30,17.8,15.5,78,Overcast,0.0,78,24.0,208
2025-08-27T16:30,2025/08/27,16:30,17.5,15.0,72,Partly cloudy,0.0,74,22.1,226
2025-08-27T17:30,2025/08/27,17:30,17.1,14.4,69,Mainly clear,0.0,10,22.0,230
2025-08-27T18:30,2025/08/27,18:30,16.5,14.5,73,Partly cloudy,0.0,20,17.3,227
2025-08-27T19:30,2025/08/27,19:30,15.9,14.6,75,Partly cloudy,0.0,39,11.8,220
2025-08-27T20:30,2025/08/27,20:30,14.9,14.1,80,Partly cloudy,0.0,89,8.8,192
2025-08-27T21:30,2025/08/27,21:30,14.3,13.5,85,Overcast,0.0,100,9.4,182
2025-08-27T22:30,2025/08/27,22:30,14.1,13.1,90,Overcast,0.0,100,11.5,182
2025-08-27T23:30,2025/08/27,23:30,14.1,13.1,91,Overcast,0.0,100,12.2,178
2025-08-28T00:30,2025/08/28,00:30,14.0,13.0,89,Overcast,0.0,100,11.9,182
2025-08-28T03:00,2025/08/28,03:00,13.3,11.8,87,Overcast,0.0,100,12.7,173
2025-08-28T04:00,2025/08/28,04:00,13.2,11.7,87,Overcast,0.0,100,12.7,172
2025-08-28T04:45,2025/08/28,04:45,13.2,11.8,87,Overcast,0.0,100,11.6,175
2025-08-28T05:30,2025/08/28,05:30,13.4,12.4,90,Overcast,0.0,100,10.9,172
2025-08-28T06:30,2025/08/28,06:30,13.4,12.6,90,Overcast,0.0,100,9.3,164
2025-08-28T07:45,2025/08/28,07:45,13.8,12.8,88,Overcast,0.0,100,10.4,160
2025-08-28T08:30,2025/08/28,08:30,14.1,13.0,87,Overcast,0.0,97,11.9,166
2025-08-28T09:30,2025/08/28,09:30,14.9,13.3,84,Overcast,0.0,97,15.5,179
2025-08-28T10:30,2025/08/28,10:30,15.6,13.9,81,Overcast,0.0,99,17.1,188
2025-08-28T11:30,2025/08/28,11:30,15.8,13.7,82,Overcast,0.0,100,20.1,189
2025-08-28T12:30,2025/08/28,12:30,15.4,13.4,84,Slight rain,0.0,100,19.7,189
2025-08-28T14:00,2025/08/28,14:00,15.2,13.5,86,Slight rain,0.2,100,18.4,191
2025-08-28T14:30,2025/08/28,14:30,15.4,13.8,87,Slight rain,0.1,100,18.2,188
